educ,south,nonwh,hispanic,gender,married,marrfem,exper,expersq,union,lnwage,age,manuf,constr,manag,sales,clerical,service,prof,cps85
12,0,0,0,0,0,0,8,64,0,1.215,25,0,0,0,0,0,1,0,0
12,0,0,0,1,1,1,30,900,1,1.6094,47,0,0,0,0,1,0,0,0
6,0,0,1,0,1,0,38,1444,1,2.1401,49,0,1,0,0,0,0,0,0
12,0,0,0,0,1,0,19,361,1,2.0732,36,0,0,0,1,0,0,0,0
12,0,0,0,0,1,0,11,121,0,1.649,28,0,0,0,0,0,0,0,0
8,0,0,0,0,1,0,43,1849,0,1.7148,56,0,0,0,0,0,0,0,0
11,0,0,0,0,0,0,2,4,0,1.0986,18,1,0,0,0,0,0,0,0
15,0,0,0,1,0,0,9,81,0,1.8326,29,0,0,1,0,0,0,0,0
16,0,0,0,1,0,0,17,289,0,0.3567,38,0,0,0,0,0,0,1,0
15,0,0,0,0,1,0,23,529,1,2.1547,43,0,0,0,0,1,0,0,0
15,0,0,0,0,1,0,39,1521,1,1.9867,59,1,0,0,0,0,0,1,0
12,0,0,1,1,1,1,5,25,1,1.7047,22,0,0,0,0,1,0,0,0
11,0,0,1,0,1,0,27,729,1,2.1102,43,1,0,0,0,0,0,0,0
12,0,0,1,0,1,0,29,841,0,1.8326,46,1,0,0,0,0,0,0,0
12,0,0,1,0,0,0,7,49,0,1.3083,24,1,0,0,0,0,0,0,0
12,0,0,0,1,0,0,42,1764,1,2.23,59,0,0,0,0,0,1,0,0
18,0,0,0,0,1,0,35,1225,1,2.5257,58,0,0,0,0,0,0,1,0
18,0,0,0,1,1,1,31,961,1,2.3979,54,0,0,0,0,0,0,1,0
6,0,0,1,0,1,0,24,576,0,1.2528,35,1,0,0,0,0,0,0,0
14,0,1,0,0,1,0,14,196,1,2.0794,33,0,0,0,0,0,0,0,0
12,0,0,0,1,0,0,40,1600,1,2.0149,57,0,0,0,0,0,0,1,0
12,0,0,0,1,0,0,10,100,0,1.204,27,0,0,1,0,0,0,0,0
13,0,0,0,1,0,0,3,9,0,1.3863,21,0,0,0,1,0,0,0,0
13,0,0,0,0,0,0,2,4,0,1.2311,20,0,0,0,0,1,0,0,0
15,0,0,1,0,0,0,7,49,0,1.5041,27,0,0,0,0,1,0,0,0
16,0,0,0,0,0,0,29,841,0,2.5997,50,0,0,0,1,0,0,0,0
13,0,0,0,0,1,0,27,729,1,2.238,45,0,0,0,0,0,1,0,0
18,0,0,0,0,0,0,8,64,0,2.3539,31,1,0,0,0,0,0,1,0
10,0,0,0,0,1,0,6,36,1,2.5257,21,0,1,0,0,0,0,0,0
14,0,0,0,1,0,0,2,4,0,0.9361,21,0,0,0,0,0,0,1,0
8,0,0,0,0,0,0,36,1296,1,2.0149,49,0,0,0,0,0,0,0,0
15,0,0,0,1,1,1,23,529,1,1.1314,43,0,0,0,0,0,1,0,0
8,0,0,1,1,1,1,48,2304,1,1.6582,61,1,0,0,0,0,1,0,0
12,0,0,0,0,0,0,21,441,1,2.0677,38,0,0,0,0,1,0,0,0
8,0,0,1,0,1,0,11,121,1,2.082,24,0,1,0,0,0,0,0,0
12,0,0,0,1,1,1,26,676,1,2.1547,43,0,0,0,0,1,0,0,0
16,0,0,0,1,1,1,10,100,0,1.9671,31,0,0,0,0,0,0,1,0
14,0,0,0,0,1,0,37,1369,0,2.7593,56,1,0,0,1,0,0,0,0
13,0,0,0,0,1,0,21,441,0,1.2972,39,0,0,0,0,1,0,0,0
16,0,0,1,1,1,1,21,441,0,1.2528,42,0,0,0,0,1,0,0,0
13,0,0,0,0,0,0,6,36,1,2.3749,24,0,1,0,0,0,0,0,0
12,0,0,0,0,1,0,25,625,1,1.6368,42,0,0,0,0,0,0,1,0
13,0,0,0,0,0,0,5,25,0,1.2321,23,1,0,0,0,0,0,0,0
11,0,0,0,0,0,0,13,169,1,1.7492,29,0,0,0,0,0,0,0,0
16,0,0,0,0,0,0,15,225,0,2.3026,36,0,0,0,0,0,0,1,0
12,0,0,0,1,1,1,8,64,0,1.5581,25,0,0,0,0,1,0,0,0
10,0,0,1,0,1,0,8,64,1,1.6094,23,1,0,0,0,0,1,0,0
14,0,0,0,0,1,0,11,121,0,1.5581,30,0,0,0,0,0,0,0,0
12,0,1,0,0,1,0,34,1156,1,2.0541,51,0,0,0,0,0,0,0,0
13,0,0,1,0,0,0,8,64,0,1.8326,26,0,0,0,0,1,0,0,0
12,0,0,0,0,1,0,36,1296,0,1.9459,53,0,0,0,0,0,0,0,0
12,0,0,0,1,1,1,30,900,0,1.8326,47,0,0,0,0,1,0,0,0
16,0,0,0,1,1,1,5,25,1,1.1856,26,0,0,0,0,0,0,1,0
11,0,0,0,1,1,1,13,169,0,0.9118,29,1,0,0,0,0,0,0,0
11,0,0,0,0,0,0,2,4,1,1.8718,18,0,1,0,0,0,0,0,0
9,0,0,0,0,1,0,12,144,1,1.9459,26,1,0,0,0,0,0,0,0
18,0,0,0,0,1,0,24,576,0,2.1691,47,0,0,0,0,0,0,1,0
12,0,1,0,0,1,0,17,289,1,2.0149,34,0,0,0,0,0,0,0,0
8,0,0,0,0,1,0,50,2500,0,1.6448,63,1,0,0,0,0,0,0,0
18,0,0,0,0,1,0,8,64,0,2.1072,31,1,0,1,0,0,0,0,0
12,0,0,0,1,0,0,11,121,1,1.6292,28,1,0,0,0,0,0,0,0
12,0,0,0,0,1,0,7,49,0,1.0594,24,0,0,1,0,0,0,0,0
17,0,0,0,1,1,1,26,676,1,2.1691,48,0,0,0,0,0,0,1,0
8,0,0,1,0,1,0,19,361,0,1.3218,32,0,0,0,0,0,0,0,0
12,0,1,0,1,0,0,13,169,1,1.8555,30,0,0,0,0,1,0,0,0
12,0,0,0,0,1,0,9,81,1,1.7492,26,0,0,0,0,0,0,0,0
14,0,0,0,0,1,0,38,1444,0,1.9661,57,0,0,1,0,0,0,0,0
12,0,0,1,0,0,0,4,16,0,1.1982,21,0,0,0,0,0,1,0,0
14,0,0,0,1,0,0,11,121,0,1.9279,30,0,0,1,0,0,0,0,0
10,0,0,0,0,1,0,43,1849,0,2.3026,58,0,0,1,0,0,0,0,0
11,0,1,0,0,1,0,15,225,0,1.3863,31,1,0,0,0,0,0,0,0
12,0,1,0,0,1,0,31,961,1,-0.47,48,0,0,0,0,1,0,0,0
6,0,1,0,0,1,0,44,1936,1,1.3151,55,1,0,0,0,0,0,0,0
16,0,0,0,0,1,0,16,256,0,2.8994,37,0,0,0,0,0,0,1,0
12,0,0,0,0,1,0,25,625,1,1.9981,42,0,0,0,0,0,0,0,0
14,0,0,0,0,1,0,19,361,1,1.7047,38,0,0,1,0,0,0,0,0
12,0,0,0,1,0,0,3,9,0,1.1787,20,0,0,1,0,0,0,0,0
13,0,0,0,1,0,0,14,196,0,1.6094,32,0,0,0,0,1,0,0,0
12,0,0,0,0,1,0,30,900,0,2.0149,47,1,0,0,0,0,0,0,0
12,0,0,0,0,1,0,32,1024,1,2.4849,49,0,0,0,0,0,1,0,0
10,0,0,0,0,1,0,48,2304,1,2.0794,63,0,0,0,0,1,0,0,0
12,0,0,0,0,0,0,36,1296,1,2.1401,53,0,0,0,0,0,0,0,0
12,0,0,0,1,1,1,7,49,1,1.5828,24,0,0,0,0,1,0,0,0
12,0,0,0,0,1,0,19,361,1,2.3346,36,0,0,0,0,0,0,0,0
18,0,0,0,0,0,0,11,121,0,1.6503,34,0,0,0,0,0,0,1,0
13,0,0,0,0,1,0,32,1024,1,1.5476,50,0,0,0,0,0,1,0,0
12,0,0,0,1,1,1,10,100,0,1.7707,27,0,0,0,0,1,0,0,0
14,0,0,0,1,0,0,3,9,0,1.6094,22,1,0,0,0,0,0,1,0
16,0,0,0,1,1,1,10,100,0,1.2947,31,1,0,0,0,1,0,0,0
16,0,0,0,1,1,1,9,81,0,2.0402,30,0,0,1,0,0,0,0,0
12,0,0,0,1,1,1,13,169,1,1.3218,30,1,0,0,0,0,0,0,0
12,0,0,0,0,1,0,20,400,0,1.8563,37,1,0,0,0,1,0,0,0
12,0,0,0,0,1,0,30,900,1,2.1102,47,1,0,0,0,0,0,0,0
12,0,0,0,0,1,0,10,100,1,2.3632,27,0,1,0,0,0,0,0,0
18,0,0,0,1,0,0,17,289,0,0.6707,40,0,0,0,0,0,0,1,0
10,0,0,0,0,1,0,7,49,1,1.579,22,1,0,0,0,0,0,0,0
8,0,0,0,0,1,0,32,1024,0,2.1401,45,0,1,0,0,0,0,0,0
9,0,0,0,0,1,0,36,1296,1,1.663,50,0,1,0,0,0,0,0,0
14,0,0,0,0,1,0,43,1849,0,2.6127,62,1,0,1,0,0,0,0,0
16,0,0,0,0,1,0,9,81,0,2.1691,30,0,0,0,1,0,0,0,0
8,0,0,0,0,1,0,41,1681,1,1.6094,54,0,0,0,0,0,0,0,0
12,0,0,0,0,1,0,21,441,1,2.0794,38,0,0,0,0,0,1,0,0
14,0,0,0,0,1,0,26,676,0,1.5141,45,0,0,0,0,0,0,0,0
12,0,0,0,1,1,1,21,441,0,1.1907,38,0,0,0,0,1,0,0,0
12,0,0,0,1,1,1,42,1764,0,1.7918,59,0,0,0,0,1,0,0,0
12,0,0,0,0,1,0,41,1681,0,2.23,58,0,0,0,0,0,0,1,0
13,0,0,0,1,1,1,22,484,0,0.9746,40,0,0,0,0,0,0,0,0
18,0,0,0,0,1,0,10,100,0,2.0412,33,0,0,1,0,0,0,0,0
12,0,0,0,0,0,0,3,9,1,1.7918,20,1,0,0,0,0,0,0,0
14,0,0,0,0,0,0,14,196,0,2.1628,33,0,0,0,0,1,0,0,0
12,0,0,0,0,1,0,24,576,1,2.4849,41,0,1,0,0,0,0,0,0
12,0,0,0,0,1,0,13,169,1,1.7918,30,1,0,0,0,0,0,0,0
12,0,0,0,1,0,0,41,1681,1,1.6956,58,0,0,0,0,0,1,0,0
14,0,0,0,0,1,0,16,256,0,2.5257,35,1,0,0,0,0,0,1,0
12,1,0,0,0,0,0,3,9,0,0.9746,20,0,0,0,0,0,0,0,0
16,1,0,0,0,1,0,27,729,0,2.109,48,0,0,0,0,0,0,1,0
7,1,0,1,1,0,0,31,961,0,1.2947,43,0,0,0,0,0,1,0,0
11,1,0,1,1,0,0,2,4,0,0.9746,18,1,0,0,0,0,0,0,0
12,1,0,1,0,1,0,19,361,0,1.2238,36,0,0,0,1,0,0,0,0
1,1,0,1,0,1,0,47,2209,0,1.204,53,0,0,0,0,0,0,0,0
12,1,0,0,0,0,0,1,1,0,1.0473,18,0,0,0,0,0,0,0,0
9,1,0,0,0,1,0,5,25,0,1.8216,19,1,0,0,0,0,0,0,0
12,1,1,0,1,0,0,38,1444,1,1.1394,55,0,0,0,0,0,0,0,0
12,1,0,0,1,0,0,2,4,0,0.9163,19,0,1,0,0,0,0,0,0
12,1,0,1,0,1,0,19,361,0,2.2083,36,0,1,0,0,0,0,0,0
12,1,0,0,0,1,0,38,1444,1,2.1691,55,0,1,0,0,0,0,0,0
12,1,0,1,0,1,0,22,484,0,1.7918,39,0,0,0,0,0,1,0,0
12,1,0,0,0,1,0,6,36,0,1.3863,23,0,0,0,0,0,0,0,0
13,1,0,1,1,1,1,15,225,0,1.8718,33,0,0,0,0,0,0,1,0
12,1,0,0,0,1,0,27,729,0,1.204,44,0,0,0,0,1,0,0,0
12,1,0,0,1,0,0,1,1,0,1.2164,18,0,0,0,0,1,0,0,0
17,1,0,0,1,1,1,12,144,0,1.9095,34,0,0,0,0,0,0,1,0
16,1,0,0,0,1,0,31,961,0,1.7636,52,0,0,1,0,0,0,0,0
10,1,0,0,0,1,0,18,324,0,1.2958,33,0,0,0,0,0,0,0,0
7,1,1,0,1,0,0,33,1089,0,1.3218,45,1,0,0,0,0,0,0,0
6,1,0,1,0,0,0,39,1521,0,1.5669,50,0,0,0,0,0,0,0,0
16,1,0,0,0,0,0,4,16,0,1.6094,25,1,0,0,0,0,0,1,0
14,1,0,0,1,0,0,4,16,0,1.4291,23,1,0,0,0,0,0,1,0
14,1,0,0,1,0,0,2,4,0,1.6582,21,1,0,0,0,1,0,0,0
17,1,0,0,0,0,0,4,16,0,1.9058,26,1,0,0,0,0,0,1,0
13,1,0,0,1,0,0,21,441,1,2.0149,39,0,0,0,0,1,0,0,0
4,1,0,1,0,0,0,13,169,0,0.9555,22,0,0,0,0,0,1,0,0
17,1,0,0,0,1,0,18,324,0,2.6455,40,1,0,0,0,0,0,1,0
14,1,0,0,1,0,0,9,81,0,2.5269,28,0,0,1,0,0,0,0,0
16,1,0,0,0,0,0,8,64,0,1.6094,29,1,0,0,0,0,0,1,0
10,1,1,0,0,1,0,35,1225,0,1.3863,50,0,0,0,0,0,0,0,0
6,1,0,1,1,1,1,17,289,0,1.0647,28,1,0,0,0,0,0,0,0
13,0,0,0,0,0,0,1,1,0,1.5261,19,0,0,0,0,0,0,0,0
16,0,0,0,0,1,0,3,9,1,1.4469,24,0,1,0,0,0,0,1,0
10,0,0,0,0,1,0,41,1681,1,1.8718,56,0,0,0,0,0,0,0,0
12,0,0,0,1,1,1,41,1681,1,3.0564,58,0,0,0,0,1,0,0,0
18,0,0,0,0,1,0,36,1296,0,1.8839,59,0,0,0,0,0,0,1,0
10,0,1,0,1,1,1,16,256,1,1.2528,31,1,0,0,0,0,0,0,0
12,0,1,0,1,0,0,36,1296,1,1.5892,53,1,0,0,0,0,0,0,0
12,0,1,0,0,1,0,39,1521,0,1.8205,56,1,0,0,0,0,0,1,0
13,0,0,0,0,1,0,2,4,0,1.7918,20,1,0,0,0,0,0,0,0
15,0,0,0,0,1,0,8,64,0,1.8137,28,1,0,0,0,0,0,0,0
12,0,0,0,0,1,0,35,1225,0,2.1972,52,0,0,0,0,1,0,0,0
12,0,0,0,1,0,0,12,144,0,1.6607,29,0,0,0,0,1,0,0,0
12,0,0,0,1,0,0,11,121,0,1.6094,28,0,0,1,0,0,0,0,0
18,0,1,0,1,0,0,10,100,0,1.8839,33,0,0,0,0,1,0,0,0
16,0,1,0,1,0,0,3,9,0,1.3218,24,0,0,0,0,1,0,0,0
10,0,0,0,0,1,0,48,2304,1,1.2528,63,1,0,0,0,0,0,0,0
15,0,0,0,0,0,0,20,400,1,2.495,40,0,1,1,0,0,0,0,0
6,0,0,0,0,1,0,51,2601,1,1.8718,62,1,0,0,0,0,1,0,0
12,0,0,0,1,1,1,12,144,0,1.2238,29,1,0,0,0,0,0,0,0
10,0,0,0,0,1,0,26,676,0,1.7385,41,1,0,0,0,0,0,0,0
9,0,0,0,1,1,1,34,1156,1,2.0794,48,1,0,0,0,0,0,0,0
13,0,0,0,1,1,1,35,1225,0,1.4453,53,0,0,0,1,0,0,0,0
12,0,0,0,1,0,0,12,144,0,1.4469,29,1,0,0,0,0,0,0,0
11,0,0,0,0,0,0,5,25,0,1.2879,21,0,0,0,1,0,0,0,0
14,0,0,0,0,0,0,8,64,0,1.7492,27,1,0,0,0,0,0,1,0
12,0,0,0,0,1,0,29,841,1,2.0477,46,1,0,0,0,0,0,1,0
7,0,0,0,0,1,0,38,1444,1,1.8326,50,1,0,0,0,0,0,0,0
12,0,0,0,0,1,0,33,1089,0,1.3987,50,0,0,0,0,0,1,0,0
8,0,0,0,0,1,0,42,1764,0,1.8326,55,0,0,0,0,0,0,0,0
16,0,0,0,0,0,0,1,1,0,1.9315,22,0,0,0,0,0,0,0,0
13,0,1,0,0,0,0,17,289,1,1.9577,35,1,0,0,0,0,0,0,0
16,0,0,0,1,1,1,5,25,0,1.8326,26,0,0,0,0,0,0,1,0
12,0,0,0,1,0,0,13,169,0,1.2528,30,0,0,0,0,1,0,0,0
12,0,0,0,1,1,1,23,529,0,1.2384,40,1,0,0,0,1,0,0,0
16,0,0,0,1,1,1,12,144,1,0.6131,33,0,0,0,0,0,0,1,0
12,0,1,0,0,1,0,20,400,1,2.0149,37,0,1,0,0,0,0,0,0
13,0,0,0,0,1,0,33,1089,0,2.1691,51,0,0,1,0,0,0,0,0
9,0,0,0,0,1,0,22,484,0,1.43,36,1,0,0,0,0,0,0,0
10,0,0,0,1,0,0,27,729,1,1.6405,42,1,0,0,0,0,0,0,0
14,0,0,0,0,1,0,9,81,1,1.9279,28,0,0,0,0,1,0,0,0
16,0,0,0,0,0,0,5,25,0,1.981,26,0,0,0,0,0,0,1,0
12,0,0,0,0,1,0,8,64,0,1.5581,25,0,0,0,0,0,0,1,0
12,0,0,0,0,1,0,32,1024,1,2.1691,49,0,1,0,0,0,0,0,0
11,0,0,0,0,1,0,12,144,1,2.0149,28,1,0,0,0,0,0,0,0
16,0,0,0,0,0,0,2,4,0,1.9772,23,0,0,0,1,0,0,0,0
12,0,0,0,0,1,0,32,1024,1,1.9033,49,1,0,0,0,1,0,0,0
12,0,0,0,0,1,0,32,1024,0,1.8326,49,0,0,0,0,0,0,0,0
18,0,1,0,0,1,0,13,169,1,2.2571,36,0,0,1,0,0,0,0,0
8,0,0,0,0,1,0,34,1156,1,1.8563,47,0,0,0,0,0,0,0,0
9,0,0,0,1,0,0,16,256,0,-0.078,30,0,0,0,0,0,1,0,0
16,0,0,0,0,1,0,8,64,0,1.674,29,1,0,0,0,0,0,1,0
10,0,1,0,0,0,0,33,1089,0,1.6094,48,0,1,0,0,0,0,0,0
12,0,0,0,0,1,0,24,576,1,2.0794,41,1,0,0,0,0,0,0,0
9,0,1,0,0,1,0,34,1156,1,1.8326,48,1,0,0,0,0,0,0,0
18,0,0,0,0,1,0,30,900,0,2.9208,53,1,0,1,0,0,0,0,0
12,0,0,0,0,0,0,4,16,1,1.1394,21,0,0,0,0,0,1,0,0
16,0,1,0,1,1,1,5,25,0,1.8326,26,0,0,0,0,0,0,1,0
12,0,0,0,1,1,1,5,25,0,1.5841,22,0,0,0,0,1,0,0,0
10,0,0,0,0,1,0,44,1936,1,2.082,59,1,0,0,0,0,0,0,0
11,0,0,0,0,0,0,8,64,0,1.7047,24,1,0,0,0,0,0,0,0
12,0,0,0,1,1,1,26,676,0,1.8245,43,0,0,0,0,1,0,0,0
14,0,0,0,0,1,0,37,1369,0,1.9924,56,1,0,0,1,0,0,0,0
12,0,1,0,1,0,0,20,400,0,1.0296,37,0,0,0,0,0,1,0,0
16,0,1,0,0,1,0,16,256,1,2.2558,37,0,0,0,0,0,0,1,0
12,0,0,0,0,1,0,14,196,0,2.3026,31,0,0,1,0,0,0,0,0
10,0,0,0,1,0,0,15,225,1,1.6376,30,0,0,0,0,1,0,0,0
12,0,0,0,0,0,0,3,9,1,1.5841,20,0,0,0,0,0,0,0,0
16,0,0,0,0,1,0,11,121,0,2.1768,32,0,0,0,1,0,0,0,0
8,0,0,0,0,1,0,40,1600,1,1.8326,53,1,0,0,0,0,0,0,0
12,0,0,0,1,0,0,21,441,0,2.4079,38,0,0,1,0,0,0,0,0
13,0,0,0,0,1,0,3,9,0,1.9636,21,0,0,0,0,0,0,0,0
12,0,0,0,1,0,0,17,289,0,1.9741,34,1,0,0,0,1,0,0,0
12,0,0,0,0,0,0,6,36,0,1.4351,23,0,0,1,0,0,0,0,0
11,1,1,0,0,1,0,28,784,1,2.0794,44,1,0,0,0,0,0,1,0
12,1,0,0,1,1,1,6,36,0,1.204,23,1,0,0,0,0,0,1,0
14,1,0,0,1,0,0,4,16,0,1.2528,23,0,0,0,0,0,1,0,0
12,1,0,0,0,1,0,41,1681,0,2.1691,58,0,1,1,0,0,0,0,0
12,1,0,0,0,0,0,16,256,1,2.0149,33,1,0,0,0,0,0,0,0
12,1,0,0,1,1,1,6,36,0,0.452,23,0,0,0,0,0,1,0,0
12,1,0,0,0,1,0,39,1521,1,2.0794,56,0,0,0,0,0,0,0,0
10,1,0,0,0,1,0,15,225,0,1.6928,30,0,1,0,0,0,0,0,0
12,1,0,0,1,1,1,18,324,0,1.4325,35,0,0,0,0,1,0,0,0
15,1,0,0,0,1,0,7,49,0,1.4929,27,0,0,1,0,0,0,0,0
16,1,0,0,0,1,0,36,1296,0,1.1394,57,0,0,0,1,0,0,0,0
14,1,0,1,1,1,1,6,36,0,1.7237,25,0,0,0,0,0,0,1,0
12,1,1,0,1,0,0,13,169,0,1.5261,30,0,0,1,0,0,0,0,0
13,1,0,0,0,0,0,2,4,0,1.0986,20,0,0,0,0,1,0,0,0
5,1,0,1,0,1,0,50,2500,0,1.1575,60,0,0,0,0,0,1,0,0
12,1,0,1,1,1,1,21,441,0,1.5581,38,1,0,0,0,1,0,0,0
12,1,0,1,0,1,0,28,784,0,1.2936,45,0,0,0,1,0,0,0,0
12,1,0,0,0,1,0,12,144,1,1.4759,29,0,0,0,0,0,1,0,0
15,1,1,0,1,1,1,29,841,0,1.2809,49,0,0,0,0,1,0,0,0
12,1,0,0,0,1,0,7,49,0,1.3863,24,0,1,0,0,0,0,0,0
12,1,0,0,0,1,0,22,484,0,2.1203,39,1,0,1,0,0,0,0,0
12,1,1,0,1,0,0,11,121,0,1.3481,28,0,0,0,0,0,1,0,0
12,0,0,0,1,0,0,40,1600,0,1.5217,57,1,0,0,0,0,0,0,0
12,0,0,0,0,1,0,31,961,0,1.5315,48,0,1,0,0,0,0,0,0
12,0,0,0,1,1,1,10,100,0,1.4214,27,0,0,0,0,0,1,0,0
16,0,0,0,0,1,0,9,81,0,1.981,30,0,0,1,0,0,0,0,0
12,0,1,0,1,1,1,10,100,1,1.4469,27,0,0,0,0,0,1,0,0
15,0,0,0,0,1,0,42,1764,0,3.1322,62,0,0,1,0,0,0,0,0
12,0,0,0,1,1,1,45,2025,0,0.8873,62,0,0,0,0,0,0,0,0
17,0,0,0,0,1,0,8,64,1,2.3514,30,0,0,0,0,1,0,0,0
15,0,0,0,0,1,0,32,1024,0,2.1691,52,0,0,0,0,0,0,0,0
14,0,0,0,0,0,0,1,1,0,1.2528,20,0,0,0,0,0,0,0,0
12,0,0,0,1,1,1,17,289,0,1.4271,34,0,0,0,0,1,0,0,0
14,0,0,0,0,1,0,10,100,0,1.7405,29,0,0,0,0,0,0,1,0
12,0,0,0,0,1,0,18,324,1,2.2266,35,0,0,0,0,0,0,0,0
12,0,0,0,1,0,0,10,100,1,0.9676,27,0,0,0,0,1,0,0,0
12,0,0,0,0,1,0,29,841,1,1.8326,46,1,0,0,0,0,0,0,0
12,0,0,0,1,0,0,39,1521,0,1.6094,56,1,0,0,0,1,0,0,0
12,0,0,0,1,1,1,31,961,0,1.1787,48,0,0,0,0,1,0,0,0
10,0,0,0,0,1,0,18,324,1,2.2513,33,1,0,0,0,0,0,0,0
12,0,1,0,1,1,1,14,196,1,2.0149,31,0,0,0,0,1,0,0,0
12,0,0,0,1,1,1,8,64,0,1.0116,25,0,0,0,0,0,1,0,0
12,1,0,0,0,0,0,9,81,0,1.6094,26,0,0,0,0,0,0,0,0
16,1,0,0,1,0,0,3,9,0,1.0296,24,0,0,0,0,1,0,0,0
9,1,1,0,1,1,1,24,576,0,0.9746,38,1,0,0,0,0,0,0,0
7,1,0,0,1,1,1,21,441,0,0.8109,33,1,0,0,0,0,0,0,0
12,1,0,0,0,1,0,15,225,0,1.2879,32,0,0,0,0,0,1,0,0
18,1,0,0,0,0,0,2,4,0,1.8005,25,0,0,0,0,0,0,1,0
16,1,1,0,1,0,0,12,144,0,1.0986,33,1,0,0,0,0,0,0,0
12,1,1,0,1,1,1,7,49,0,1.1939,24,1,0,0,0,0,0,0,0
9,1,1,0,1,0,0,33,1089,0,1.3218,47,1,0,0,0,0,0,0,0
15,1,0,0,0,0,0,5,25,0,1.6487,25,0,0,1,0,0,0,0,0
18,1,0,0,1,0,0,3,9,0,1.3218,26,0,0,0,0,1,0,0,0
11,1,0,0,1,1,1,8,64,0,0.899,24,0,0,0,1,0,0,0,0
13,1,0,0,1,1,1,5,25,0,1.3797,23,0,0,0,0,1,0,0,0
12,1,0,0,1,1,1,1,1,0,1.2264,18,1,0,0,0,0,0,0,0
12,0,0,0,1,1,1,21,441,0,0.922,38,0,0,0,0,0,1,0,0
12,0,0,0,0,0,0,1,1,0,0.9773,18,1,0,0,0,0,0,0,0
11,0,0,0,1,1,1,37,1369,0,1.0159,53,0,0,0,0,0,1,0,0
12,0,0,0,0,1,0,17,289,1,1.6094,34,0,1,0,0,0,0,0,0
12,0,0,0,1,0,0,43,1849,0,1.6582,60,1,0,0,0,1,0,0,0
12,0,0,0,0,0,0,4,16,0,1.7272,21,1,0,1,0,0,0,0,0
12,0,0,0,0,0,0,6,36,0,1.0986,23,0,1,0,0,0,0,0,0
8,0,0,0,0,1,0,49,2401,1,1.9459,62,1,0,0,0,0,0,0,0
16,0,0,0,0,1,0,13,169,0,2.2783,34,1,0,0,0,0,0,1,0
18,0,0,0,0,1,0,11,121,1,1.5333,34,0,0,0,0,0,0,1,0
8,0,0,0,1,1,1,18,324,0,1.0473,31,0,0,0,0,0,0,0,0
7,1,1,0,0,1,0,14,196,0,1.5179,26,1,0,0,0,0,0,0,0
15,1,0,0,1,1,1,20,400,0,1.6297,40,0,0,0,0,1,0,0,0
14,1,0,0,1,0,0,38,1444,0,1.8718,57,0,0,0,0,0,0,1,0
10,1,0,0,0,1,0,46,2116,1,1.6094,61,1,0,0,0,0,0,0,0
18,1,0,0,0,1,0,20,400,0,2.6872,43,0,0,0,0,0,0,1,0
16,1,0,0,1,0,0,7,49,0,1.8908,28,0,0,0,0,0,0,1,0
12,1,0,0,1,1,1,10,100,0,1.1787,27,0,0,0,0,1,0,0,0
18,1,0,0,0,1,0,12,144,0,2.708,35,0,0,0,0,0,0,1,0
12,1,0,0,1,0,0,13,169,0,2.1914,30,0,0,1,0,0,0,0,0
16,1,0,0,0,1,0,20,400,0,2.1203,41,0,0,0,0,0,0,1,0
12,1,0,0,0,0,0,6,36,0,1.5041,23,0,0,0,0,1,0,0,0
9,1,0,0,1,0,0,6,36,0,1.1787,20,0,0,0,0,1,0,0,0
8,1,0,0,0,1,0,40,1600,0,1.1632,53,1,0,0,0,0,0,0,0
12,1,0,0,1,0,0,1,1,0,0.9445,18,0,0,0,0,0,1,0,0
10,1,1,0,0,0,0,14,196,1,1.6094,29,0,0,0,0,1,0,0,0
12,1,0,0,0,0,0,5,25,0,1.0647,22,0,1,0,0,0,0,0,0
8,1,0,0,0,1,0,17,289,0,1.0647,30,1,0,0,0,0,0,0,0
12,1,0,0,0,1,0,14,196,0,2.0015,31,1,0,0,0,1,0,0,0
12,1,0,0,1,1,1,12,144,0,1.1394,29,0,0,0,0,1,0,0,0
13,1,0,0,0,1,0,30,900,1,1.9913,48,0,0,0,0,1,0,0,0
14,1,0,0,0,1,0,38,1444,1,2.0149,57,0,0,0,0,1,0,0,0
12,1,1,0,0,1,0,23,529,0,1.0647,40,1,0,0,0,0,0,0,0
9,1,0,0,0,0,0,5,25,0,0.9746,19,0,0,0,0,0,0,0,0
12,1,0,0,0,1,0,36,1296,1,2.1576,53,1,0,0,0,0,0,0,0
11,1,1,0,1,0,0,34,1156,0,1.1787,50,0,0,0,0,0,0,0,0
13,1,0,0,0,1,0,5,25,1,1.9936,23,1,0,0,0,0,0,0,0
6,0,1,0,0,1,0,48,2304,0,1.5738,59,1,0,0,0,0,0,0,0
6,0,0,0,0,1,0,38,1444,0,2.2225,49,1,0,0,0,0,0,0,0
15,0,1,0,1,0,0,8,64,0,1.6549,28,0,0,1,0,0,0,0,0
12,0,0,0,1,0,0,39,1521,1,1.7272,56,0,0,0,0,0,1,0,0
16,0,0,0,1,0,0,16,256,1,2.0314,37,0,0,0,0,0,0,1,0
14,0,0,0,1,1,1,25,625,0,0.452,44,0,0,0,0,1,0,0,0
13,1,0,0,0,1,0,4,16,0,1.3218,22,0,0,0,0,1,0,0,0
12,1,0,0,0,0,0,6,36,0,1.6094,23,1,0,0,0,1,0,0,0
12,1,0,0,1,0,0,46,2116,0,2.0215,63,0,0,0,0,0,0,1,0
18,1,1,0,1,0,0,22,484,0,1.6818,45,0,0,0,0,0,0,1,0
11,1,0,0,0,1,0,27,729,0,1.8326,43,1,0,0,0,0,0,0,0
12,1,0,0,0,1,0,4,16,1,1.2528,21,1,0,0,0,0,0,0,0
11,1,0,0,0,1,0,41,1681,1,1.6341,57,1,0,0,0,0,0,0,0
16,1,1,0,1,0,0,30,900,1,2.3026,51,0,0,0,0,0,0,1,0
14,1,0,0,1,1,1,3,9,0,1.743,22,0,0,0,0,1,0,0,0
7,1,1,0,0,1,0,21,441,1,1.8326,33,1,0,0,0,0,0,0,0
12,1,1,0,1,1,1,22,484,0,1.0498,39,0,0,0,0,0,1,0,0
18,1,0,0,0,0,0,9,81,0,2.1576,32,0,0,0,0,0,0,1,0
16,1,0,0,0,1,0,27,729,0,2.3826,48,1,0,0,1,0,0,0,0
16,1,0,0,1,0,0,2,4,0,1.5581,23,0,0,0,0,0,0,1,0
12,0,0,0,1,1,1,8,64,1,1.4231,25,0,0,0,0,0,0,0,0
10,0,0,0,1,1,1,27,729,0,1.1632,42,0,0,0,0,1,0,0,0
12,0,0,0,0,1,0,13,169,0,1.6243,30,0,0,0,1,0,0,0,0
10,0,0,0,0,1,0,43,1849,1,2.0149,58,0,0,0,0,0,0,0,0
14,0,0,0,0,1,0,16,256,0,1.9867,35,0,0,1,0,0,0,0,0
12,0,0,0,0,1,0,12,144,0,1.0498,29,0,0,0,0,0,1,0,0
15,0,0,0,1,0,0,4,16,0,1.3863,24,0,0,1,0,0,0,0,0
12,0,0,0,1,1,1,4,16,0,1.3218,21,1,0,0,0,1,0,0,0
12,0,0,0,1,0,0,12,144,1,1.5261,29,1,0,0,0,0,0,0,0
16,0,0,0,0,1,0,5,25,0,2.1972,26,1,0,0,0,0,0,1,0
18,1,0,0,0,1,0,36,1296,0,1.8971,59,0,0,0,0,0,0,1,0
2,1,1,0,0,1,0,55,3025,0,1.1394,62,0,0,0,0,0,1,0,0
12,1,0,0,0,0,0,17,289,0,1.3545,34,0,0,0,0,0,0,0,0
12,1,0,0,0,1,0,14,196,0,2.1203,31,0,0,0,0,0,0,0,0
18,1,0,0,0,0,0,31,961,0,2.492,54,0,0,0,0,0,0,1,0
12,1,0,0,1,0,0,21,441,0,1.0986,38,0,0,0,0,1,0,0,0
12,1,0,0,0,0,0,5,25,0,1.5993,22,0,0,1,0,0,0,0,0
14,1,0,0,1,1,1,22,484,0,2.0949,41,0,0,1,0,0,0,0,0
7,1,0,0,0,1,0,19,361,1,1.6094,31,1,0,0,0,0,0,0,0
11,1,0,0,0,1,0,30,900,0,2.5257,46,1,0,0,0,0,0,0,0
14,1,0,0,0,1,0,9,81,0,1.8326,28,0,0,0,0,1,0,0,0
12,1,0,0,1,1,1,30,900,0,1.5686,47,1,0,0,0,0,0,1,0
12,1,0,0,0,0,0,9,81,1,1.7143,26,0,0,0,0,1,0,0,0
12,1,0,0,1,0,0,7,49,0,1.1787,24,0,0,0,0,1,0,0,0
13,1,0,0,1,0,0,1,1,0,0.6931,19,0,0,0,0,0,1,0,0
12,1,0,0,0,1,0,14,196,1,1.5581,31,0,0,0,0,0,0,1,0
8,0,0,0,0,1,0,37,1369,1,2.3979,50,0,0,0,0,0,0,0,0
12,0,0,0,1,1,1,28,784,0,1.6094,45,0,0,0,0,0,0,0,0
13,0,0,0,1,1,1,8,64,1,1.7492,26,0,0,0,0,0,0,0,0
12,0,0,0,0,1,0,36,1296,1,1.6292,53,0,0,0,0,1,0,0,0
12,0,0,0,1,0,0,1,1,0,1.2528,18,0,0,0,0,1,0,0,0
12,0,0,0,1,0,0,17,289,0,1.6094,34,1,0,0,0,1,0,0,0
15,0,0,0,0,0,0,5,25,0,1.3218,25,0,1,0,0,0,0,0,0
12,0,0,0,1,1,1,4,16,0,1.2528,21,0,0,0,0,1,0,0,0
12,0,0,0,0,1,0,15,225,1,1.9021,32,0,0,0,0,1,0,0,0
8,1,0,0,0,1,0,18,324,0,0.9925,31,0,0,1,0,0,0,0,0
16,1,0,0,0,1,0,2,4,0,1.3863,23,0,0,1,0,0,0,0,0
16,1,0,0,0,1,0,6,36,0,1.8971,27,1,0,0,0,0,0,1,0
12,1,0,0,1,1,1,23,529,0,1.7272,40,0,0,0,0,1,0,0,0
12,1,0,0,1,0,0,12,144,0,0.9746,29,0,0,0,0,1,0,0,0
12,1,0,0,0,1,0,20,400,1,2.3026,37,1,0,0,0,0,0,0,0
16,1,0,0,0,1,0,17,289,0,2.3026,38,0,0,0,1,0,0,0,0
16,0,0,0,1,1,1,8,64,0,2.0412,29,1,0,0,1,0,0,0,0
12,0,0,0,1,0,0,4,16,0,1.5315,21,1,0,0,0,1,0,0,0
12,0,1,0,0,0,0,13,169,0,1.3863,30,0,1,0,0,0,0,0,0
16,0,0,0,0,0,0,12,144,0,2.0468,33,0,0,0,0,0,0,1,0
15,0,0,0,0,0,0,17,289,0,2.29,37,0,0,0,0,0,0,1,0
17,0,0,0,1,1,1,8,64,0,1.8718,30,0,0,1,0,0,0,0,0
10,0,0,0,0,1,0,42,1764,0,1.8654,57,0,0,0,0,0,0,0,0
10,0,0,0,0,0,0,5,25,1,1.7309,20,1,0,0,0,0,0,0,0
16,0,0,0,0,0,0,18,324,1,1.9741,39,0,0,0,0,0,0,1,0
12,0,0,0,1,0,0,3,9,0,1.4469,20,1,0,0,0,0,0,0,0
8,0,0,0,0,0,0,22,484,0,1.4271,35,1,0,0,0,0,0,1,0
12,0,0,0,1,1,1,18,324,0,1.2649,35,0,0,0,0,1,0,0,0
12,0,0,0,0,1,0,8,64,0,1.9636,25,0,0,0,0,0,0,0,0
15,0,0,0,0,1,0,1,1,0,1.7272,21,1,0,1,0,0,0,0,0
15,0,0,0,1,0,0,4,16,0,1.4858,24,1,0,0,0,0,0,1,0
12,0,0,0,0,1,0,11,121,0,1.3863,28,0,1,0,0,0,0,0,0
12,0,0,0,0,1,0,45,2025,1,2.1518,62,0,0,0,0,0,0,0,0
12,0,0,0,0,1,0,35,1225,0,2.1019,52,0,0,1,0,0,0,0,0
11,1,1,0,0,0,0,22,484,0,1.0116,38,1,0,0,0,0,0,0,0
12,1,0,0,1,1,1,13,169,0,1.7272,30,0,0,0,0,0,1,0,0
14,1,0,0,0,1,0,34,1156,0,3.3514,53,1,0,1,0,0,0,0,0
10,1,0,0,0,1,0,9,81,1,1.3218,24,0,1,0,0,1,0,0,0
10,1,0,0,0,1,0,36,1296,0,1.7918,51,0,0,0,0,0,0,0,0
10,1,0,0,0,1,0,14,196,0,1.6094,29,1,0,0,0,0,0,0,0
12,0,0,0,1,1,1,2,4,0,1.1291,19,0,0,0,0,1,0,0,0
8,0,0,0,0,1,0,32,1024,1,1.6487,45,1,0,0,0,0,0,0,0
14,0,0,0,1,0,0,39,1521,0,1.9459,58,1,0,0,0,1,0,0,0
12,0,0,0,1,1,1,9,81,0,0.865,26,0,0,0,0,0,1,0,0
18,0,0,0,0,1,0,3,9,0,1.9373,26,0,0,0,0,0,0,1,0
10,0,0,0,0,1,0,8,64,0,0.865,23,0,0,0,0,0,0,0,0
16,0,0,0,0,1,0,7,49,0,1.3806,28,0,0,0,0,0,1,0,0
14,0,0,0,0,1,0,7,49,0,1.6094,26,0,0,1,0,0,0,0,0
13,0,0,0,0,1,0,4,16,0,1.8326,22,0,1,0,0,0,0,0,0
16,0,0,0,0,0,0,5,25,0,1.6677,26,0,0,1,0,0,0,0,0
14,1,1,0,0,0,0,6,36,0,1.0986,25,0,0,0,1,0,0,0,0
12,1,0,0,0,1,0,37,1369,0,1.8795,54,1,0,0,0,0,0,0,0
6,1,1,0,0,0,0,11,121,0,1.0986,22,0,1,0,0,0,0,0,0
8,1,0,0,1,0,0,41,1681,1,1.6094,54,1,0,0,0,0,0,0,0
12,1,1,0,1,0,0,30,900,0,2.7444,47,0,0,0,0,0,0,1,0
16,1,0,0,0,1,0,13,169,0,2.1638,34,1,0,0,0,0,0,1,0
18,0,0,0,1,0,0,4,16,0,1.6094,27,0,0,0,0,1,0,0,0
12,0,0,0,1,1,1,16,256,0,1.7272,33,0,0,1,0,0,0,0,0
13,0,0,0,0,1,0,8,64,1,1.3083,26,0,0,0,0,0,0,0,0
16,0,0,0,0,1,0,32,1024,0,2.0149,53,0,0,0,0,0,0,1,0
12,0,0,0,1,0,0,6,36,0,0.9704,23,0,0,0,0,0,0,0,0
14,0,0,1,1,1,1,30,900,0,1.361,49,0,0,0,0,1,0,0,0
12,0,0,0,1,0,0,1,1,0,1.0986,18,0,0,0,0,1,0,0,0
12,0,0,0,0,0,0,4,16,1,1.6487,21,1,0,0,0,0,0,0,0
13,0,0,0,0,1,0,41,1681,1,2.6912,59,0,1,0,0,0,0,0,0
12,0,0,0,0,1,0,22,484,1,2.0412,39,1,0,0,0,0,0,0,0
12,0,0,0,0,1,0,22,484,0,1.7619,39,1,0,0,0,0,0,0,0
15,0,0,0,0,1,0,31,961,1,2.5257,51,0,0,0,1,0,0,0,0
16,0,0,0,1,0,0,2,4,1,1.8524,23,0,0,0,0,0,0,1,0
15,0,0,0,0,1,0,19,361,1,2.0794,39,0,0,0,0,0,0,0,0
12,0,0,0,1,1,1,14,196,0,1.8101,31,0,0,0,0,1,0,0,0
11,0,0,0,1,0,0,16,256,0,1.204,32,0,1,1,0,0,0,0,0
12,1,0,0,0,0,0,3,9,0,1.3466,20,0,0,0,0,0,0,0,0
12,1,0,0,0,1,0,3,9,1,1.5146,20,1,0,0,0,0,0,0,0
8,1,0,0,0,1,0,30,900,1,2.1102,43,1,0,0,0,0,0,0,0
12,1,0,0,1,0,0,3,9,0,0.9163,20,0,0,1,0,0,0,0,0
4,1,1,0,0,1,0,55,3025,0,1.1474,64,1,0,0,0,0,1,0,0
12,1,0,0,0,0,0,3,9,0,1.1394,20,0,0,0,0,0,0,0,0
11,1,0,0,0,1,0,19,361,1,2.5257,35,0,1,0,0,0,0,0,0
9,1,0,0,1,0,0,27,729,1,1.4553,41,1,0,0,0,0,0,0,0
12,1,0,0,0,1,0,9,81,1,1.7918,26,0,0,0,0,0,0,1,0
12,0,1,0,0,0,0,13,169,0,1.4351,30,1,0,0,0,0,0,0,0
16,0,0,0,0,1,0,31,961,0,2.5494,52,0,0,0,1,0,0,0,0
12,0,0,0,1,0,0,16,256,0,1.5422,33,1,0,0,0,1,0,0,0
11,0,0,0,0,0,0,4,16,0,0.9746,20,0,0,0,0,0,0,0,0
16,0,0,0,0,1,0,3,9,0,2.0015,24,1,0,0,0,0,0,0,0
16,0,0,0,1,0,0,4,16,0,1.4469,25,0,0,0,0,0,0,1,0
12,0,0,0,1,1,1,36,1296,1,1.3218,53,0,0,0,0,1,0,0,0
9,1,0,0,0,1,0,6,36,0,1.6094,20,0,0,0,0,0,0,0,0
12,1,0,0,0,1,0,19,361,0,1.9867,36,0,0,1,0,0,0,0,0
18,1,0,0,0,1,0,14,196,0,2.0669,37,0,0,0,0,0,0,1,0
12,0,0,0,0,1,0,38,1444,0,1.461,55,0,0,1,0,0,0,0,0
13,0,0,0,0,1,0,8,64,1,1.8101,26,1,0,0,0,0,0,0,0
12,0,0,0,1,1,1,4,16,0,1.5581,21,1,0,0,0,0,0,0,0
15,0,0,0,0,0,0,12,144,0,1.8326,32,0,0,0,0,0,0,1,0
12,0,0,0,0,1,0,41,1681,0,2.4445,58,0,0,0,1,0,0,0,0
12,0,0,0,1,1,1,24,576,0,1.743,41,1,0,0,0,1,0,0,0
11,0,0,0,0,1,0,17,289,0,1.7918,33,0,0,0,0,0,0,0,0
12,0,0,0,1,1,1,8,64,0,1.1787,25,0,0,0,0,1,0,0,0
12,0,0,0,0,0,0,2,4,0,1.3863,19,0,0,0,0,0,0,0,0
12,0,0,0,0,1,0,2,4,0,1.2448,19,0,0,0,0,0,0,0,0
12,0,0,0,1,1,1,39,1521,0,1.4469,56,0,0,0,0,1,0,0,0
12,0,0,0,0,1,0,6,36,0,2.5257,23,0,0,0,0,0,0,0,0
9,0,0,1,1,1,1,34,1156,0,1.0296,48,0,0,0,0,0,1,0,0
17,0,0,0,0,1,0,14,196,0,2.0149,36,0,0,0,0,0,0,1,0
17,0,0,0,0,1,0,7,49,0,2.0949,29,0,0,0,0,0,0,1,0
10,0,0,0,1,0,0,46,2116,0,0.9943,61,1,0,0,0,0,0,0,0
18,0,0,0,0,1,0,4,16,0,1.9279,27,0,0,0,0,0,0,1,0
12,0,0,0,1,1,1,12,144,0,0.5596,29,0,0,0,0,0,1,0,0
12,0,0,1,1,1,1,6,36,0,1.2164,23,0,0,0,0,1,0,0,0
6,0,0,1,0,1,0,15,225,0,1.4469,26,0,1,0,0,0,0,0,0
13,0,0,1,0,1,0,12,144,1,1.5041,30,0,0,0,0,0,0,0,0
17,0,0,1,0,1,0,15,225,0,2.1691,37,0,0,0,0,0,0,1,0
12,0,0,0,0,1,0,15,225,0,2.0794,32,0,0,0,0,0,0,1,0
12,0,1,0,1,1,1,12,144,1,1.1151,29,0,0,0,0,0,1,0,0
12,0,0,0,0,1,0,23,529,0,1.679,40,0,0,0,1,0,0,0,0
14,0,0,1,0,0,0,41,1681,0,2.1848,60,1,0,1,0,0,0,0,0
12,0,0,0,1,0,0,42,1764,0,1.5041,59,0,0,0,0,0,1,0,0
12,0,0,0,0,1,0,10,100,0,1.7047,27,0,1,0,0,0,0,0,0
10,0,0,1,0,1,0,20,400,0,1.4586,35,1,0,0,0,0,0,0,0
13,0,0,0,0,1,0,4,16,1,1.7297,22,0,0,0,0,1,0,0,0
16,0,0,0,1,1,1,11,121,1,1.8326,32,0,0,0,0,0,0,1,0
12,0,0,0,1,0,0,6,36,0,1.1394,23,0,0,0,1,0,0,0,0
14,0,0,0,0,1,0,19,361,0,1.2496,38,0,0,0,1,0,0,0,0
12,0,0,0,0,1,0,32,1024,0,2.2401,49,0,0,1,0,0,0,0,0
12,0,0,0,0,1,0,21,441,0,1.3863,38,0,0,0,0,0,0,0,0
11,0,0,0,0,1,0,39,1521,0,1.2164,55,0,0,0,0,0,1,0,0
18,0,0,0,0,1,0,15,225,0,2.0815,38,0,0,1,0,0,0,0,0
12,0,0,0,1,1,1,25,625,1,1.5943,42,0,0,0,0,1,0,0,0
12,0,0,0,1,0,0,18,324,0,1.0733,35,0,0,0,0,1,0,0,0
12,0,0,0,1,1,1,21,441,0,1.7047,38,1,0,0,0,0,0,0,0
17,0,0,0,1,1,1,11,121,1,2.2437,33,0,0,0,0,0,0,1,0
14,0,0,0,0,0,0,6,36,0,1.1394,25,1,0,0,0,1,0,0,0
12,0,1,0,0,0,0,5,25,1,0.8755,22,0,0,0,0,0,1,0,0
15,1,1,0,1,1,1,12,144,0,2.1041,32,0,0,0,0,0,0,1,0
8,1,1,0,0,1,0,44,1936,0,1.0986,57,0,0,0,0,0,1,0,0
16,1,1,0,1,0,0,7,49,0,2.1691,28,0,0,0,0,0,0,1,0
16,1,1,0,1,0,0,25,625,0,1.3481,46,0,0,0,0,0,0,1,0
12,0,0,0,1,0,0,5,25,1,1.0986,22,1,0,0,0,0,0,0,0
12,0,0,0,0,1,0,27,729,0,2.0794,44,0,0,0,1,0,0,0,0
10,0,0,0,1,0,0,36,1296,1,1.2936,51,1,0,0,0,0,0,0,0
12,0,0,0,0,0,0,31,961,0,2.1401,48,0,0,0,0,0,0,1,0
14,0,0,0,0,0,0,27,729,0,2.4049,46,0,0,1,0,0,0,0,0
13,0,0,0,1,1,1,44,1936,0,1.3987,62,0,0,0,0,1,0,0,0
16,0,0,0,1,0,0,7,49,0,1.4291,28,0,0,0,0,0,0,1,0
12,0,0,0,0,0,0,13,169,1,1.9913,30,0,0,0,0,0,0,0,0
14,0,0,0,1,1,1,36,1296,0,1.3545,55,0,0,0,0,1,0,0,0
12,0,0,0,1,0,0,4,16,0,1.2669,21,0,0,0,0,1,0,0,0
12,0,0,0,0,1,0,30,900,1,2.0477,47,0,0,0,0,0,0,0,0
10,0,0,0,0,1,0,16,256,0,1.6094,31,0,0,1,0,0,0,0,0
17,0,0,0,0,1,0,15,225,1,2.0149,37,0,0,0,0,0,0,1,0
13,0,0,0,1,0,0,2,4,0,0.9725,20,0,0,0,0,0,0,0,0
12,0,0,0,0,1,0,32,1024,1,1.8326,49,0,1,0,0,0,0,0,0
12,0,0,0,0,1,0,9,81,0,1.204,26,0,0,0,0,0,0,0,0
18,0,0,0,0,1,0,21,441,0,2.3026,44,0,0,0,0,0,0,1,0
12,0,0,0,1,1,1,4,16,0,1.2528,21,1,0,0,0,0,0,0,0
13,0,0,0,1,1,1,35,1225,0,1.5041,53,0,0,0,0,1,0,0,0
14,0,0,0,1,1,1,5,25,0,1.3863,24,0,0,0,1,0,0,0,0
12,0,0,0,1,0,0,1,1,0,1.0116,18,0,0,0,0,1,0,0,0
10,0,0,0,0,0,0,3,9,0,1.3657,18,0,0,0,0,0,0,0,0
12,0,0,0,1,0,0,3,9,0,1.3218,20,1,0,0,0,1,0,0,0
12,0,0,0,0,1,0,21,441,0,2.3026,38,0,0,1,0,0,0,0,0
12,0,0,0,0,1,0,6,36,0,2.0149,23,0,0,0,1,0,0,0,0
18,1,0,0,0,0,0,34,1156,0,3.2179,57,0,0,1,0,0,0,0,0
12,1,0,0,1,0,0,22,484,0,1.6094,39,0,0,0,0,0,0,1,0
17,1,0,0,0,1,0,16,256,0,2.584,38,1,0,1,0,0,0,0,0
13,0,0,0,1,0,0,4,16,0,1.3218,22,0,0,0,0,1,0,0,0
18,0,0,0,0,1,0,15,225,0,2.1019,38,0,0,0,0,0,0,1,0
13,0,0,0,0,1,0,26,676,0,1.6784,44,0,0,0,0,0,0,1,0
17,0,0,0,1,1,1,19,361,1,1.7492,41,0,0,0,0,0,0,1,0
7,0,0,0,0,1,0,43,1849,0,0.9746,55,0,0,0,0,0,0,0,0
8,0,0,0,0,1,0,18,324,0,1.8718,31,0,1,0,0,0,0,0,0
17,0,0,0,0,1,0,10,100,1,1.6094,32,0,0,0,0,0,0,1,0
10,0,0,0,0,0,0,3,9,0,0.7985,18,1,0,0,0,0,0,0,0
9,0,0,0,0,1,0,46,2116,0,1.204,60,1,0,0,0,0,0,0,0
12,0,0,0,1,1,1,10,100,1,1.4171,27,0,0,0,0,1,0,0,0
17,0,0,0,0,1,0,5,25,1,1.8871,27,0,0,0,0,0,0,1,0
14,0,0,0,0,0,0,5,25,0,1.6503,24,0,0,0,0,0,0,0,0
12,0,0,0,1,0,0,7,49,0,1.1925,24,0,0,0,0,1,0,0,0
12,0,0,0,0,1,0,15,225,1,2.3933,32,0,1,0,0,0,0,0,0
12,0,0,0,0,1,0,31,961,1,2.1889,48,0,0,0,0,1,0,0,0
12,0,0,0,0,1,0,39,1521,0,2.5257,56,0,0,0,1,0,0,0,0
14,0,0,0,0,1,0,8,64,0,1.6094,27,0,1,0,0,0,0,0,0
13,0,0,0,1,1,1,28,784,0,0.9163,46,0,0,0,0,1,0,0,0
16,0,0,0,1,0,0,10,100,1,2.4145,31,0,0,0,0,0,0,1,0
12,0,0,0,0,1,0,36,1296,1,2.5257,53,1,0,0,0,0,0,0,0
15,0,0,0,1,1,1,3,9,1,2.0794,23,0,0,0,0,1,0,0,0
12,0,0,0,0,1,0,27,729,1,2.6583,44,0,1,0,0,0,0,0,0
8,0,0,0,0,1,0,47,2209,1,2.4744,60,0,0,0,0,0,0,0,0
12,0,0,0,1,0,0,39,1521,1,2.6391,56,0,0,0,0,0,1,0,0
15,0,0,0,0,0,0,12,144,0,2.5257,32,0,0,0,0,0,0,1,0
10,0,0,0,0,1,0,27,729,0,2.1972,43,0,1,0,0,0,0,0,1
12,0,0,0,0,1,0,20,400,0,1.7047,38,0,0,0,1,0,0,0,1
12,0,0,0,1,0,0,4,16,0,1.335,22,0,0,0,1,0,0,0,1
12,0,0,0,1,1,1,29,841,0,2.3514,47,0,0,0,0,1,0,0,1
12,0,0,0,0,1,0,40,1600,1,2.708,58,0,1,0,0,0,0,0,1
16,0,0,0,1,1,1,27,729,0,2.1972,49,1,0,0,0,1,0,0,1
12,0,0,0,1,1,1,5,25,1,2.2586,23,0,0,0,0,0,1,0,1
14,0,0,0,0,0,0,22,484,0,2.708,42,0,0,0,1,0,0,0,1
8,0,0,0,0,1,0,42,1764,0,2.3979,56,1,0,0,0,0,0,0,1
12,0,0,0,1,1,1,14,196,0,1.6094,32,0,0,0,1,0,0,0,1
17,0,0,1,0,1,0,18,324,0,3.2179,41,0,0,0,0,0,0,1,1
17,0,0,0,0,0,0,3,9,0,3.0155,26,1,0,0,0,0,0,1,1
14,0,0,1,0,0,0,4,16,1,3.2189,24,0,0,0,0,0,1,0,1
14,0,0,0,0,0,0,14,196,0,2.6376,34,0,0,0,0,0,0,0,1
12,0,0,0,0,1,0,35,1225,0,1.2528,53,0,0,0,0,1,0,0,1
14,0,0,1,0,0,0,0,0,0,1.6094,20,0,0,0,1,0,0,0,1
16,0,0,1,0,1,0,7,49,1,2.3026,29,0,0,1,0,0,0,0,1
16,0,1,0,0,1,0,26,676,1,2.708,48,1,0,1,0,0,0,0,1
13,0,1,0,0,0,0,3,9,0,1.763,22,0,0,0,0,0,1,0,1
13,0,0,1,0,0,0,16,256,0,2.2083,35,0,0,0,0,1,0,0,1
17,0,1,0,1,1,1,32,1024,0,2.4204,55,0,0,0,0,1,0,0,1
12,0,1,0,0,1,0,25,625,1,2.5649,43,0,0,0,0,0,1,0,1
14,0,0,0,1,0,0,15,225,1,2.0794,35,0,0,0,0,1,0,0,1
12,0,0,0,1,1,1,38,1444,0,1.454,56,0,0,0,0,0,1,0,1
16,0,1,0,0,1,0,17,289,0,2.0637,39,0,0,0,0,1,0,0,1
12,0,0,0,1,0,0,7,49,0,1.9379,25,0,0,0,0,0,1,0,1
17,0,0,0,1,0,0,5,25,0,3.2179,28,0,0,0,0,0,0,1,1
14,0,0,0,0,1,0,22,484,0,2.3026,42,0,0,0,0,0,0,1,1
14,0,0,0,0,1,0,21,441,0,2.621,41,0,0,0,1,0,0,0,1
13,0,0,1,1,1,1,2,4,0,1.7272,21,0,0,0,0,1,0,0,1
14,0,1,0,0,1,0,16,256,0,2.6858,36,0,0,0,0,0,1,0,1
16,0,0,0,0,1,0,18,324,0,3.2179,40,0,0,1,0,0,0,0,1
12,0,0,0,0,1,0,14,196,0,2.4849,32,1,0,0,0,0,0,0,1
18,0,0,0,0,1,0,12,144,0,2.708,36,0,0,0,0,0,0,1,1
16,0,0,0,0,0,0,3,9,0,1.7535,25,1,0,0,0,0,1,0,1
17,0,0,0,1,1,1,13,169,0,2.5377,36,0,0,1,0,0,0,0,1
16,0,0,0,1,0,0,42,1764,0,2.4605,64,1,0,0,0,1,0,0,1
12,0,0,0,0,1,0,8,64,0,2.5649,26,0,0,0,0,0,0,0,1
15,0,0,0,1,1,1,6,36,0,2.5257,27,0,0,0,0,1,0,0,1
16,0,0,0,0,1,0,22,484,0,3.1135,44,0,0,1,0,0,0,0,1
16,0,1,0,1,0,0,3,9,0,2.4204,25,1,0,1,0,0,0,0,1
16,0,0,0,0,1,0,33,1089,0,2.7331,55,1,0,0,0,0,0,1,1
13,0,0,0,1,0,0,8,64,1,2.0412,27,0,0,0,0,1,0,0,1
12,0,0,0,0,1,0,26,676,0,2.4715,44,0,0,1,0,0,0,0,1
14,0,0,0,0,1,0,0,0,0,1.6094,20,0,1,0,0,0,0,1,1
12,0,0,0,0,1,0,28,784,0,1.8718,46,0,0,0,0,0,0,0,1
8,0,0,0,0,1,0,33,1089,1,2.1972,47,0,0,0,0,0,0,0,1
12,0,0,0,0,0,0,0,0,0,1.209,18,0,0,0,0,0,0,0,1
12,0,0,0,1,1,1,7,49,0,1.5041,25,1,0,0,0,0,0,0,1
14,0,0,0,1,1,1,12,144,0,2.3539,32,1,0,0,0,1,0,0,1
9,0,0,0,0,1,0,47,2209,1,1.2528,62,0,0,0,0,0,1,0,1
16,0,0,0,0,1,0,12,144,0,2.708,34,1,0,0,0,0,0,0,1
12,0,0,0,1,0,0,25,625,0,2.1401,43,0,0,0,0,1,0,0,1
12,0,0,0,1,1,1,44,1936,0,2.2159,62,1,0,0,0,1,0,0,1
9,0,0,0,0,0,0,33,1089,1,2.2618,48,0,0,0,0,1,0,0,1
8,0,0,1,1,1,1,22,484,0,1.9279,36,0,0,0,0,0,0,0,1
18,0,0,0,1,1,1,14,196,0,2.6355,38,0,0,1,0,0,0,0,1
14,0,1,0,0,0,0,22,484,0,2.3026,42,0,0,1,0,0,0,0,1
12,0,0,0,1,0,0,41,1681,0,1.3218,59,0,0,0,0,0,1,0,1
12,0,0,0,1,0,0,8,64,0,2.0794,26,0,0,0,0,1,0,0,1
12,0,0,0,1,1,1,43,1849,0,2.4567,61,0,1,0,0,1,0,0,1
8,0,1,0,1,0,0,29,841,0,2.1844,43,0,0,0,0,0,1,0,1
12,0,1,0,0,0,0,6,36,1,1.3863,24,1,0,0,0,0,0,0,1
12,0,1,0,1,0,0,21,441,0,1.7047,39,0,0,0,0,1,0,0,1
16,0,1,0,0,0,0,3,9,0,1.209,25,0,0,0,0,1,0,0,1
12,0,0,0,1,1,1,40,1600,0,2.3805,58,0,0,0,0,1,0,0,1
12,0,0,0,0,1,0,5,25,0,1.9459,23,0,0,0,1,0,0,0,1
13,0,0,0,0,1,0,34,1156,1,2.3026,53,0,1,0,0,0,0,1,1
16,0,0,0,1,1,1,10,100,0,1.6864,32,0,0,0,0,0,0,1,1
12,0,0,0,1,0,0,10,100,0,2.0149,28,0,0,0,0,0,1,0,1
12,0,0,0,0,1,0,41,1681,1,2.4204,59,0,0,0,0,0,0,0,1
10,0,0,0,1,1,1,25,625,1,2.3026,41,0,0,0,0,0,1,0,1
13,0,0,0,0,0,0,0,0,0,1.3863,19,0,0,0,0,0,0,0,1
18,0,0,0,0,1,0,14,196,1,2.6037,38,0,0,0,0,0,0,1,1
12,0,0,0,0,0,0,22,484,0,1.9095,40,0,0,0,0,1,0,0,1
14,0,0,0,1,1,1,32,1024,0,2.6593,52,0,0,0,1,0,0,0,1
15,0,0,0,1,1,1,9,81,0,2.2773,30,1,0,0,0,0,0,0,1
12,0,0,0,1,0,0,0,0,0,1.209,18,0,0,0,0,0,1,0,1
8,0,0,0,1,0,0,49,2401,0,1.2238,63,0,0,0,0,0,1,0,1
14,0,0,0,1,1,1,32,1024,0,1.7272,52,0,0,0,0,1,0,0,1
12,0,0,0,0,1,0,7,49,1,1.9459,25,0,0,0,0,0,0,0,1
16,0,0,0,1,1,1,10,100,0,2.3026,32,0,0,0,0,0,0,1,1
10,0,0,0,1,0,0,44,1936,1,1.8083,60,1,0,0,0,0,0,0,1
12,0,0,0,1,1,1,27,729,0,1.4279,45,0,0,0,0,0,1,0,1
12,0,0,0,1,1,1,16,256,0,1.5686,34,1,0,0,0,0,0,0,1
12,0,0,0,0,1,0,3,9,0,1.7492,21,0,0,0,0,0,0,1,1
12,0,0,0,0,1,0,8,64,0,1.5581,26,0,0,0,0,0,0,0,1
17,0,0,0,0,1,0,7,49,1,2.238,30,0,0,0,0,0,0,1,1
12,0,0,0,1,0,0,8,64,0,1.6582,26,0,0,0,0,1,0,0,1
9,0,0,0,1,1,1,42,1764,0,1.5994,57,1,0,0,0,0,0,0,1
16,0,0,0,1,1,1,11,121,0,2.964,33,0,0,0,0,0,0,1,1
12,0,0,0,0,1,0,23,529,0,2.9947,41,1,0,0,0,0,0,0,1
12,0,0,0,0,0,0,4,16,0,1.3863,22,0,0,0,0,0,0,0,1
12,0,0,0,1,0,0,0,0,0,1.6094,18,0,0,0,0,1,0,0,1
14,0,0,0,0,1,0,25,625,0,2.359,45,1,0,0,0,0,0,0,1
12,0,1,0,0,0,0,22,484,1,2.3026,40,1,0,0,0,0,0,0,1
14,0,0,1,1,0,0,15,225,0,1.9981,35,0,0,0,0,0,0,1,1
15,0,0,0,0,0,0,10,100,0,2.5257,31,0,0,0,0,0,0,1,1
16,0,0,0,1,0,0,20,400,0,1.3863,42,0,0,0,0,0,1,0,1
12,0,0,0,1,1,1,24,576,0,2.7101,42,0,0,0,0,1,0,0,1
12,1,0,0,0,1,0,12,144,0,2.7726,30,0,0,0,0,0,0,1,1
12,1,0,1,1,0,0,12,144,0,1.2698,30,0,0,0,0,1,0,0,1
12,1,0,1,0,0,0,16,256,0,1.5041,34,0,0,0,0,0,0,0,1
12,1,0,1,1,0,0,4,16,0,1.5151,22,0,0,1,0,0,0,0,1
12,1,0,1,1,1,1,43,1849,0,1.2809,61,0,0,0,0,0,1,0,1
12,1,0,0,1,1,1,14,196,0,2.0794,32,0,0,0,0,1,0,0,1
12,1,0,0,1,0,0,10,100,0,1.5581,28,0,0,0,1,0,0,0,1
12,1,0,0,0,1,0,2,4,0,1.9066,20,1,0,0,0,0,0,0,1
12,1,0,0,0,1,0,28,784,0,2.4079,46,0,0,0,1,0,0,0,1
7,1,0,0,1,1,1,15,225,0,1.7918,28,1,0,0,0,0,0,0,1
12,1,0,0,0,1,0,20,400,0,2.3026,38,1,0,0,1,0,0,0,1
12,1,0,1,1,1,1,30,900,0,2.4204,48,0,0,1,0,0,0,0,1
12,1,0,0,1,1,1,9,81,0,1.3737,27,0,0,0,0,0,1,0,1
16,1,1,0,0,1,0,13,169,0,2.8622,35,0,0,0,0,0,0,1,1
13,1,0,0,1,0,0,1,1,0,1.2669,20,0,0,0,0,1,0,0,1
16,1,0,0,0,0,0,8,64,0,1.7918,30,0,0,1,0,0,0,0,1
14,1,0,0,0,1,0,15,225,0,3.091,35,0,0,0,0,0,0,1,1
12,1,0,0,1,0,0,6,36,0,1.8326,24,0,0,0,0,0,0,0,1
7,1,0,1,0,1,0,14,196,0,1.5041,27,0,0,0,0,0,1,0,1
13,1,0,0,1,0,0,28,784,0,2.3341,47,0,0,0,0,1,0,0,1
14,1,0,0,0,1,0,10,100,0,2.5014,30,1,0,0,0,0,0,0,1
17,1,0,0,0,0,0,14,196,0,2.8994,37,0,0,1,0,0,0,0,1
16,1,0,0,0,1,0,10,100,0,2.708,32,0,0,1,0,0,0,0,1
13,1,0,0,1,1,1,10,100,0,2.1691,29,0,0,0,0,1,0,0,1
14,1,0,0,0,1,0,44,1936,0,2.9947,64,0,0,0,1,0,0,0,1
16,0,0,0,1,0,0,10,100,1,1.8971,32,0,0,0,0,0,0,1,1
14,0,0,0,0,1,0,22,484,1,2.2644,42,0,0,0,0,0,1,0,1
11,0,0,0,0,1,0,18,324,1,1.7047,35,0,0,0,0,0,0,0,1
12,0,0,0,1,0,0,9,81,0,2.0794,27,0,0,0,0,1,0,0,1
18,0,0,0,1,1,1,19,361,0,2.9957,43,0,0,1,0,0,0,0,1
17,0,0,0,1,1,1,14,196,0,2.2513,37,0,0,0,0,0,0,1,1
16,0,0,0,1,0,0,6,36,1,2.4672,28,0,0,0,0,0,0,1,1
16,0,0,0,1,0,0,17,289,0,2.6311,39,1,0,0,0,0,0,1,1
11,0,0,0,1,1,1,24,576,0,1.7047,41,0,0,0,0,1,0,0,1
11,0,0,0,1,0,0,12,144,0,1.9459,29,0,0,0,0,1,0,0,1
12,0,0,0,1,1,1,38,1444,0,2.267,56,0,0,0,0,1,0,0,1
15,0,0,0,1,0,0,33,1089,0,2.3618,54,0,0,0,0,0,0,1,1
2,0,0,1,0,0,0,16,256,0,1.3218,24,0,0,0,0,0,1,0,1
14,0,0,0,1,1,1,10,100,0,2.4849,30,0,0,0,0,0,0,1,1
14,0,0,0,1,1,1,14,196,0,2.1471,34,0,0,0,0,0,0,1,1
14,0,0,0,0,0,0,16,256,0,2.7813,36,0,0,1,0,0,0,0,1
11,0,0,0,0,0,0,11,121,0,1.3218,28,0,1,0,0,0,0,0,1
16,0,1,0,1,1,1,6,36,0,2.1972,28,0,0,0,0,0,1,0,1
12,0,1,0,1,1,1,33,1089,0,2.5745,51,0,0,0,0,0,1,0,1
16,0,0,0,0,0,0,10,100,0,2.5802,32,0,0,1,0,0,0,0,1
12,0,0,0,0,0,0,19,361,0,2.2246,37,1,0,0,0,0,0,0,1
12,0,0,1,0,0,0,4,16,0,1.6094,22,0,0,0,0,0,0,1,1
17,0,0,0,1,0,0,3,9,1,1.7918,26,0,0,0,0,0,0,1,1
12,0,0,0,1,1,1,32,1024,0,1.9459,50,0,0,1,0,0,0,0,1
8,0,0,0,0,1,0,19,361,0,1.5476,33,0,0,0,0,0,0,0,1
16,0,0,0,1,1,1,22,484,0,2.0149,44,0,0,0,0,0,0,1,1
18,0,0,0,0,1,0,33,1089,0,1.9459,57,0,0,0,0,0,0,1,1
18,0,0,0,0,1,0,19,361,0,2.4174,43,0,0,0,0,0,0,1,1
18,0,0,0,0,1,0,3,9,0,1.743,27,0,0,0,0,0,0,1,1
12,0,0,0,0,1,0,12,144,0,1.7047,30,0,0,0,0,0,0,0,1
12,0,0,0,0,1,0,16,256,0,2.1972,34,0,0,0,1,0,0,0,1
12,0,0,0,1,1,1,4,16,0,1.4171,22,0,0,0,0,1,0,0,1
12,0,0,0,0,1,0,11,121,1,2.3026,29,0,0,0,0,0,0,0,1
12,0,0,0,0,1,0,17,289,0,2.0149,35,0,0,0,0,0,0,0,1
11,0,0,0,0,0,0,16,256,0,1.2947,33,0,0,0,0,0,0,0,1
12,0,0,0,0,1,0,18,324,0,2.1848,36,1,0,0,0,0,0,0,1
18,0,0,0,0,1,0,15,225,0,2.8904,39,0,0,0,0,0,0,1,1
14,0,1,0,0,0,0,0,0,0,1.209,20,0,0,0,0,0,1,0,1
16,0,1,0,0,0,0,8,64,0,2.599,30,0,0,1,0,0,0,0,1
16,0,0,0,0,1,0,17,289,0,3.1135,39,1,0,0,0,0,0,1,1
18,0,0,0,0,0,0,13,169,0,2.9444,37,1,0,1,0,0,0,0,1
12,0,0,0,1,1,1,18,324,0,2.1894,36,0,0,0,0,0,0,0,1
11,0,1,0,1,1,1,16,256,0,1.9459,33,0,0,0,0,1,0,0,1
14,0,0,0,1,0,0,24,576,0,1.4271,44,0,0,0,0,0,1,0,1
12,0,0,0,0,1,0,23,529,0,2.2854,41,1,0,0,0,0,0,0,1
12,0,0,0,0,0,0,1,1,0,1.8971,19,1,0,0,0,0,0,0,1
12,0,0,0,1,1,1,10,100,1,1.9459,28,0,0,0,0,1,0,0,1
12,0,0,0,1,1,1,42,1764,0,1.291,60,0,0,1,0,0,0,0,1
18,0,0,0,1,0,0,37,1369,0,3.1279,61,1,0,0,0,0,0,1,1
12,0,0,0,1,1,1,14,196,0,1.6094,32,0,0,0,0,0,1,0,1
18,0,0,0,0,1,0,14,196,0,3.1135,38,0,0,1,0,0,0,0,1
12,0,0,0,1,1,1,11,121,0,2.4849,29,0,0,0,0,0,0,1,1
12,0,0,0,1,1,1,38,1444,0,1.8374,56,1,0,0,0,0,0,0,1
12,0,0,0,1,0,0,3,9,0,1.5041,21,1,0,0,0,0,0,0,1
12,0,0,0,0,1,0,9,81,0,1.7918,27,0,0,0,0,0,0,0,1
10,0,0,0,0,1,0,13,169,0,1.9095,29,1,0,0,0,0,0,0,1
12,0,0,0,0,0,0,9,81,0,2.1691,27,0,0,0,0,0,0,0,1
16,0,0,0,0,1,0,11,121,0,2.5859,33,1,0,0,0,0,0,0,1
13,0,0,0,1,1,1,30,900,0,1.8326,49,0,0,0,0,1,0,0,1
12,0,0,0,1,0,0,15,225,1,2.1961,33,0,0,0,0,0,1,0,1
14,0,0,0,0,0,0,2,4,0,2.0149,22,0,0,0,1,0,0,0,1
17,0,0,0,1,1,1,24,576,0,2.4849,47,0,0,0,0,0,0,1,1
18,0,0,0,1,0,0,31,961,1,2.6391,55,0,0,0,0,0,0,1,1
14,0,0,0,0,0,0,19,361,0,2.7988,39,1,0,0,0,0,0,1,1
14,0,0,0,0,0,0,2,4,0,1.8326,22,0,0,1,0,0,0,0,1
12,0,0,0,0,1,0,4,16,1,2.3514,22,0,0,0,0,0,0,0,1
9,0,0,0,1,1,1,46,2116,1,2.2513,61,0,0,0,0,0,1,0,1
6,0,0,1,1,1,1,43,1849,1,1.0986,55,1,0,0,0,0,0,0,1
14,0,0,0,1,1,1,13,169,0,2.2214,33,0,0,1,0,0,0,0,1
12,0,0,0,1,0,0,15,225,0,1.3863,33,0,0,0,1,0,0,0,1
12,0,0,0,1,0,0,16,256,0,1.335,34,0,0,0,0,0,1,0,1
12,0,0,0,1,1,1,19,361,0,1.7918,37,0,0,0,0,1,0,0,1
12,0,0,0,1,1,1,28,784,0,1.6094,46,1,0,0,0,0,0,0,1
12,0,0,0,0,1,0,42,1764,0,2.708,60,1,0,1,0,0,0,0,1
11,0,0,0,1,0,0,45,2025,1,1.7138,62,0,0,0,0,0,1,0,1
16,0,1,0,0,1,0,7,49,0,2.1972,29,0,0,1,0,0,0,0,1
17,0,0,0,0,1,0,31,961,0,3.2179,54,1,0,0,0,0,0,1,1
12,0,0,0,1,1,1,24,576,0,2.1389,42,0,0,0,0,0,1,0,1
14,0,0,1,1,1,1,17,289,0,1.6094,37,0,0,0,0,1,0,0,1
12,0,0,0,0,1,0,26,676,1,3.1001,44,1,0,0,0,0,0,0,1
16,0,1,0,0,1,0,5,25,1,2.2235,27,1,0,0,0,0,0,1,1
16,0,0,1,1,1,1,17,289,0,2.0794,39,0,0,0,0,0,0,1,1
10,1,0,0,1,0,0,33,1089,0,1.2528,49,0,0,0,0,0,1,0,1
13,1,0,0,1,1,1,2,4,0,1.209,21,0,0,0,1,0,0,0,1
16,1,1,0,1,1,1,14,196,0,1.209,36,0,0,0,1,0,0,0,1
16,1,0,0,1,1,1,28,784,1,2.9957,50,0,0,0,0,0,0,1,1
12,1,0,0,1,0,0,46,2116,0,1.3863,64,0,0,0,0,0,0,0,1
16,1,0,0,0,1,0,38,1444,0,2.8904,60,0,0,0,0,0,0,1,1
13,1,0,0,1,0,0,0,0,0,1.5041,19,0,0,0,0,1,0,0,1
12,1,0,0,1,0,0,1,1,0,2.0557,19,0,0,1,0,0,0,0,1
12,1,0,0,1,1,1,5,25,0,0.5596,23,0,0,0,0,0,1,0,1
18,1,0,1,1,1,1,13,169,0,1.6487,37,0,0,0,0,1,0,0,1
10,1,0,0,0,0,0,19,361,0,2.1691,35,0,0,0,0,0,1,0,1
12,1,0,0,0,1,0,5,25,0,1.6094,23,0,0,0,0,0,0,0,1
12,1,1,0,1,1,1,6,36,0,1.3218,24,1,0,0,0,0,0,0,1
13,1,0,0,0,1,0,9,81,0,1.7834,28,0,0,0,0,0,1,0,1
12,1,0,1,0,0,0,7,49,0,1.3863,25,0,0,0,0,0,1,0,1
3,1,0,1,0,1,0,55,3025,0,1.9459,64,1,0,0,0,0,0,0,1
17,1,0,0,1,0,0,1,1,0,1.6094,24,0,0,0,0,0,0,0,1
6,1,1,0,1,0,0,33,1089,0,1.5304,45,1,0,0,0,0,0,0,1
12,1,0,0,1,1,1,21,441,0,1.7492,39,0,0,0,0,0,0,1,1
18,0,0,0,0,1,0,29,841,0,3.2179,53,0,0,1,0,0,0,0,1
18,0,0,0,0,1,0,7,49,0,2.7593,31,0,0,0,0,0,0,1,1
16,0,0,0,0,0,0,10,100,0,2.7444,32,0,0,0,0,0,0,1,1
16,0,0,0,0,0,0,9,81,0,1.209,31,0,0,1,0,0,0,0,1
18,0,0,0,0,1,0,7,49,0,2.8994,31,0,0,0,0,0,0,1,1
18,0,0,0,0,0,0,33,1089,1,2.0794,57,0,0,0,0,0,0,1,1
13,0,0,0,0,0,0,31,961,0,1.7918,50,0,0,0,0,1,0,0,1
18,0,0,0,0,1,0,5,25,0,2.8478,29,1,0,0,0,0,0,1,1
16,0,0,0,1,0,0,2,4,0,1.7047,24,0,0,0,0,1,0,0,1
12,0,0,0,0,0,0,20,400,0,2.0347,38,0,0,0,0,0,1,0,1
16,0,1,0,0,0,0,4,16,0,1.8326,26,0,0,0,0,1,0,0,1
12,0,0,0,1,1,1,45,2025,0,1.8563,63,0,0,0,1,0,0,0,1
12,0,0,0,1,1,1,24,576,0,1.8839,42,0,0,1,0,0,0,0,1
12,0,0,0,0,1,0,43,1849,0,2.5257,61,1,0,0,1,0,0,0,1
18,0,0,0,0,1,0,10,100,0,2.5903,34,0,0,0,1,0,0,0,1
12,0,0,0,0,0,0,3,9,0,1.7047,21,1,0,0,0,0,0,0,1
15,0,0,0,0,0,0,5,25,0,2.4204,26,0,0,0,0,0,0,1,1
12,0,0,0,1,0,0,45,2025,0,2.3632,63,1,0,0,0,1,0,0,1
12,0,1,0,1,1,1,43,1849,1,2.0794,61,0,0,0,0,0,1,0,1
17,0,0,0,1,1,1,26,676,1,2.3224,49,0,0,0,0,0,0,1,1
12,0,0,0,1,1,1,42,1764,0,1.7561,60,0,0,0,0,0,0,1,1
12,0,0,0,0,1,0,37,1369,0,1.9879,55,0,1,0,0,0,0,0,1
14,0,0,0,1,0,0,1,1,0,3.7955,21,0,0,1,0,0,0,0,1
13,0,0,0,1,1,1,14,196,0,2.3514,33,1,0,1,0,0,0,0,1
12,0,0,0,0,1,0,8,64,0,2.2364,26,1,0,0,0,0,0,0,1
12,0,0,0,1,1,1,24,576,0,1.6487,42,0,0,0,0,1,0,0,1
12,0,0,0,1,1,1,20,400,0,1.4469,38,0,0,0,0,1,0,0,1
17,0,0,0,1,0,0,13,169,1,2.7695,36,0,0,0,0,0,0,1,1
15,0,0,0,0,1,0,12,144,0,3.1135,33,0,0,1,0,0,0,0,1
16,1,0,0,1,1,1,4,16,0,1.6094,26,0,0,0,0,1,0,0,1
12,1,1,0,0,1,0,14,196,0,1.6677,32,0,0,1,0,0,0,0,1
18,1,0,0,0,1,0,14,196,0,1.8326,38,0,0,0,0,0,0,1,1
18,1,0,0,1,0,0,13,169,0,2.3026,37,0,0,1,0,0,0,0,1
12,1,0,0,0,1,0,20,400,0,1.7047,38,0,0,0,0,0,1,0,1
9,1,0,0,1,1,1,30,900,0,1.9169,45,1,0,0,0,0,0,0,1
12,1,0,0,1,1,1,28,784,0,1.0986,46,0,0,0,0,1,0,0,1
16,1,0,0,0,1,0,14,196,1,2.3026,36,0,0,0,0,0,0,1,1
10,1,0,0,0,0,0,13,169,0,1.579,29,0,0,0,0,0,0,0,1
12,1,0,0,0,1,0,32,1024,0,2.2425,50,0,0,0,1,0,0,0,1
15,1,0,0,1,0,0,26,676,0,1.7918,47,0,0,0,0,0,1,0,1
13,1,0,0,1,0,0,0,0,0,1.4469,19,0,0,0,0,1,0,0,1
14,1,0,0,0,1,0,12,144,1,2.3997,32,0,0,0,0,1,0,0,1
12,1,1,0,1,1,1,32,1024,0,2.4982,50,0,0,0,0,1,0,0,1
12,1,0,0,0,1,0,12,144,0,2.1318,30,0,0,0,0,1,0,0,1
12,1,0,0,0,0,0,3,9,0,2.4361,21,0,1,0,0,0,0,0,1
9,1,0,0,0,1,0,29,841,0,2.9947,44,0,0,0,0,0,0,0,1
14,1,0,0,1,0,0,10,100,0,1.9279,30,0,0,0,0,0,1,0,1
12,0,0,0,1,1,1,16,256,1,1.743,34,1,0,0,0,0,0,0,1
12,0,0,0,1,1,1,8,64,0,1.209,26,1,0,0,0,0,0,0,1
9,0,0,0,1,1,1,16,256,0,1.579,31,1,0,0,0,0,0,0,1
12,0,0,0,1,1,1,15,225,0,1.7492,33,0,0,0,0,1,0,0,1
12,0,0,0,1,1,1,18,324,0,1.6864,36,1,0,0,0,1,0,0,1
12,0,0,0,1,1,1,38,1444,0,2.577,56,0,0,1,0,0,0,0,1
12,0,0,0,1,1,1,13,169,0,2.4262,31,1,0,0,0,1,0,0,1
13,0,0,0,0,1,0,18,324,0,2.1691,37,0,0,0,0,0,0,0,1
12,0,0,0,0,1,0,19,361,1,2.5031,37,0,1,0,0,0,0,0,1
10,0,0,0,0,1,0,15,225,0,1.6582,31,0,0,0,0,0,0,0,1
14,1,0,0,0,0,0,5,25,0,1.7148,25,0,0,0,1,0,0,0,1
12,1,0,0,1,1,1,36,1296,0,1.5239,54,0,1,0,0,1,0,0,1
12,1,0,0,0,1,0,38,1444,0,2.0149,56,0,0,0,0,0,0,0,1
12,1,0,0,0,0,0,5,25,0,2.4849,23,0,0,0,0,1,0,0,1
12,1,0,0,0,1,0,35,1225,1,2.7726,53,1,0,0,0,0,0,0,1
11,1,1,0,0,0,0,3,9,0,1.209,20,1,0,0,0,0,0,0,1
10,1,0,0,0,0,0,27,729,0,1.4929,43,0,0,0,0,0,0,0,1
12,1,0,0,1,1,1,29,841,0,1.4469,47,0,0,0,1,0,0,0,1
10,1,1,0,1,1,1,38,1444,0,2.5726,54,0,0,0,0,0,1,0,1
10,1,0,0,0,1,0,9,81,0,1.9459,25,0,1,0,0,0,0,0,1
6,1,0,0,0,1,0,45,2025,0,1.7492,57,1,0,0,0,0,0,0,1
8,1,0,0,0,1,0,27,729,0,1.8718,41,0,0,0,0,0,0,0,1
12,1,1,0,0,1,0,20,400,0,2.0293,38,0,1,0,0,0,0,0,1
16,1,0,0,0,1,0,14,196,1,3.0204,36,0,0,0,0,0,0,1,1
12,1,0,0,0,0,0,1,1,0,1.8326,19,0,0,0,0,0,0,0,1
11,1,1,0,1,1,1,25,625,0,1.3455,42,0,0,0,1,0,0,0,1
14,1,0,0,0,1,0,21,441,0,2.8124,41,0,0,1,0,0,0,0,1
17,0,0,0,1,0,0,10,100,0,2.4204,33,0,0,0,0,0,0,1,1
14,0,0,0,0,0,0,2,4,0,1.7317,22,1,0,0,0,0,0,0,1
11,0,0,0,0,0,0,17,289,0,1.8718,34,0,0,0,0,0,0,0,1
12,0,0,0,1,1,1,24,576,0,2.0477,42,0,0,0,0,1,0,0,1
12,0,0,0,0,1,0,26,676,1,1.9359,44,0,0,0,0,0,1,0,1
12,0,0,0,0,1,0,39,1521,1,2.708,57,0,0,0,0,0,0,1,1
7,0,1,0,0,1,0,42,1764,1,1.9459,55,1,0,0,0,0,0,0,1
7,1,0,0,0,1,0,43,1849,0,1.209,56,1,0,0,0,0,0,0,1
12,1,0,0,0,0,0,5,25,0,1.8718,23,1,0,0,0,0,0,0,1
16,1,0,1,1,1,1,7,49,0,1.8326,29,0,0,0,0,0,0,1,1
13,1,0,0,1,1,1,6,36,0,1.6094,25,0,0,0,0,1,0,0,1
13,1,1,0,1,0,0,1,1,0,1.2384,20,0,0,0,0,0,1,0,1
14,1,0,0,0,1,0,41,1681,0,2.1748,61,0,0,1,0,0,0,0,1
16,1,0,0,1,1,1,4,16,0,2.3026,26,0,0,0,0,0,0,1,1
11,1,0,0,1,1,1,25,625,1,1.3863,42,1,0,0,0,0,0,0,1
12,1,0,0,1,1,1,39,1521,0,2.2513,57,0,0,0,0,1,0,0,1
14,1,0,0,1,1,1,15,225,0,2.3447,35,0,0,0,0,1,0,0,1
18,1,0,0,0,1,0,10,100,0,1.6506,34,0,0,0,0,1,0,0,1
12,1,0,0,1,0,0,20,400,0,2.0149,38,0,0,0,0,1,0,0,1
17,1,0,0,0,1,0,2,4,0,1.9459,25,0,0,0,0,0,0,1,1
11,1,1,0,0,1,0,28,784,1,2.3777,45,0,1,0,0,0,0,0,1
10,1,0,0,0,1,0,27,729,1,2.1861,43,0,1,0,0,0,0,0,1
16,1,0,0,1,0,0,13,169,0,1.3218,35,0,0,0,0,0,0,0,1
15,1,0,0,0,0,0,4,16,0,1.3218,25,0,0,0,1,0,0,0,1
12,0,0,0,0,0,0,13,169,0,2.246,31,1,0,0,0,0,0,0,1
12,0,0,0,0,1,0,33,1089,1,2.708,51,0,1,0,0,0,0,0,1
12,0,0,0,1,0,0,6,36,0,1.2809,24,0,0,0,0,0,1,0,1
18,0,0,0,0,1,0,23,529,1,2.4849,47,0,0,0,0,0,0,1,1
16,0,0,0,1,1,1,6,36,0,2.3632,28,1,0,1,0,0,0,0,1
16,0,0,0,1,1,1,16,256,0,2.6391,38,0,0,0,0,0,0,1,1
16,0,0,0,0,0,0,3,9,1,1.6094,25,0,0,0,0,0,0,0,1
12,0,0,0,0,0,0,19,361,1,2.4423,37,1,0,0,0,0,0,0,1
12,0,0,0,0,1,0,43,1849,1,2.6181,61,0,0,0,1,0,0,0,1
12,1,0,0,0,1,0,34,1156,0,2.3632,52,0,0,1,0,0,0,0,1
12,1,0,0,1,0,0,25,625,0,2.0082,43,0,0,0,0,0,0,1,1
10,1,1,0,0,1,0,41,1681,1,1.9095,57,1,0,0,0,0,0,0,1
17,1,1,0,1,0,0,6,36,0,1.7707,29,0,0,0,0,1,0,0,1
12,1,1,0,0,0,0,2,4,0,1.2321,20,0,0,0,0,0,1,0,1
8,1,1,0,1,1,1,37,1369,0,1.4702,51,0,0,0,0,0,1,0,1
12,1,1,0,0,1,0,19,361,1,2.5649,37,1,0,0,0,0,0,0,1
5,1,0,0,0,1,0,44,1936,0,2.6391,55,0,1,0,0,0,0,0,1
10,1,1,0,1,1,1,37,1369,0,1.2566,53,0,0,0,0,0,1,0,1
13,1,0,0,0,0,0,8,64,0,1.4586,27,0,1,0,0,0,0,0,1
18,1,0,0,0,1,0,12,144,0,1.767,36,0,0,0,0,0,0,1,1
12,0,0,0,0,0,0,8,64,0,1.7918,26,0,1,0,0,0,0,0,1
16,0,0,0,0,1,0,13,169,1,2.3979,35,1,0,0,0,0,0,0,1
13,0,0,0,0,0,0,32,1024,0,3.0564,51,0,0,1,0,0,0,0,1
16,0,0,0,0,1,0,18,324,0,2.6759,40,0,0,1,0,0,0,0,1
12,0,1,0,0,0,0,8,64,0,1.9242,26,0,0,0,0,1,0,0,1
16,0,0,0,1,0,0,0,0,0,2.3026,18,0,0,0,0,0,0,1,1
16,0,0,0,1,1,1,7,49,0,2.3026,29,0,0,0,0,1,0,0,1
16,1,0,0,1,0,0,5,25,0,3.2179,27,0,0,0,0,0,0,1,1
12,1,0,0,1,1,1,17,289,0,1.3218,35,0,0,0,0,0,1,0,1
11,1,0,0,0,1,0,39,1521,0,1.8718,56,0,0,0,0,0,1,0,1
12,1,0,0,0,0,0,4,16,0,1.6094,22,0,0,0,0,1,0,0,1
8,1,0,0,1,0,0,45,2025,0,1.5151,59,0,0,0,0,0,1,0,1
12,0,0,0,0,0,0,8,64,0,1.8718,26,0,0,0,0,0,0,0,1
16,0,0,0,0,0,0,9,81,0,2.3585,31,1,0,0,0,0,0,1,1
12,0,0,0,0,1,0,23,529,0,2.2576,41,0,0,0,0,0,0,0,1
16,0,0,0,1,1,1,14,196,0,2.4849,36,0,0,0,0,0,0,1,1
12,0,0,0,1,0,0,16,256,0,2.1401,34,0,0,0,0,0,0,1,1
12,0,0,0,1,1,1,15,225,0,1.411,33,0,0,0,0,1,0,0,1
12,0,0,0,1,0,0,15,225,0,1.5041,33,1,0,0,0,0,0,0,1
16,0,0,0,0,1,0,16,256,0,2.4423,38,0,0,0,1,0,0,0,1
14,0,0,0,0,0,0,13,169,0,2.1861,33,0,0,0,0,0,0,0,1
11,0,0,0,0,0,0,15,225,1,2.6539,32,1,0,0,0,0,0,0,1
16,0,0,0,0,1,0,11,121,0,2.6137,33,0,0,0,0,0,0,1,1
18,0,0,0,1,0,0,40,1600,0,3.1001,64,0,0,0,0,0,0,1,1
18,0,0,0,1,1,1,11,121,0,2.708,35,0,0,0,0,0,0,1,1
13,1,0,0,0,1,0,17,289,0,2.0869,36,0,0,0,0,0,0,1,1
12,1,0,0,0,1,0,12,144,0,1.9095,30,0,0,0,0,0,0,0,1
11,1,1,0,0,1,0,14,196,0,1.5041,31,0,0,0,0,0,0,0,1
12,1,0,0,1,1,1,26,676,0,1.9459,44,0,0,0,0,0,1,0,1
12,1,1,0,1,1,1,27,729,0,2.0149,45,0,0,0,1,0,0,0,1
12,1,0,0,1,1,1,16,256,0,2.0149,34,0,0,0,0,1,0,0,1
12,1,1,0,0,0,0,2,4,0,2.1401,20,0,0,0,0,1,0,0,1
7,1,0,0,0,1,0,44,1936,0,2.0794,57,0,0,0,0,0,0,0,1
8,1,0,1,0,1,0,8,64,0,1.2528,22,1,0,0,0,0,0,0,1
12,1,0,0,0,1,0,9,81,0,2.5257,27,0,0,0,0,0,0,0,1
12,1,0,1,0,0,0,1,1,1,1.7918,19,0,0,0,0,0,0,0,1
16,1,0,0,1,0,0,2,4,0,1.6582,24,0,0,0,0,1,0,0,1
12,1,0,0,0,0,0,6,36,0,1.6094,24,0,1,0,0,0,0,0,1
11,1,0,0,1,1,1,17,289,0,1.2528,34,0,0,0,0,0,1,0,1
14,1,0,0,0,1,0,14,196,1,2.3979,34,1,0,0,0,0,0,0,1
12,0,0,0,0,0,0,3,9,0,2.0149,21,0,0,0,0,0,0,0,1
12,0,0,0,0,1,0,13,169,0,2.1401,31,1,0,0,0,0,0,0,1
12,0,0,0,0,0,0,11,121,0,2.5257,29,0,1,0,0,0,0,0,1
12,0,0,0,0,1,0,24,576,1,2.3749,42,0,1,0,0,0,0,0,1
12,0,0,0,1,1,1,14,196,1,2.5257,32,0,0,0,0,1,0,0,1
17,0,0,0,0,1,0,7,49,0,2.0541,30,0,0,0,0,0,0,1,1
17,0,0,0,0,1,0,13,169,0,2.4849,36,1,0,0,1,0,0,0,1
12,1,1,0,1,1,1,10,100,0,1.209,28,1,0,0,0,0,0,0,1
12,1,0,0,0,1,0,13,169,1,2.9895,31,0,0,0,0,0,0,1,1
13,1,0,0,0,1,0,7,49,0,1.7918,26,1,0,0,0,0,0,0,1
8,1,0,0,1,1,1,39,1521,0,1.4398,53,1,0,0,0,0,0,0,1
14,1,0,0,1,1,1,6,36,0,1.2528,26,0,0,0,1,0,0,0,1
12,1,0,0,0,1,0,20,400,1,2.4849,38,1,0,0,0,0,0,0,1
12,0,0,0,1,1,1,7,49,0,1.209,25,0,0,0,0,1,0,0,1
12,0,0,0,0,1,0,20,400,1,2.1972,38,0,0,0,0,1,0,0,1
14,0,0,0,1,0,0,6,36,0,1.3813,26,0,0,0,0,0,1,0,1
12,0,0,0,1,1,1,39,1521,0,1.6094,57,0,0,0,0,1,0,0,1
16,0,0,0,0,1,0,15,225,0,2.539,37,0,0,0,0,0,0,1,1
15,0,0,0,0,1,0,31,961,0,2.8478,52,0,0,1,0,0,0,0,1
12,0,0,0,1,0,0,25,625,0,2.2513,43,0,0,0,0,1,0,0,1
11,0,0,0,0,1,0,13,169,1,2.6391,30,0,0,0,0,0,0,0,1
12,0,1,0,0,1,0,8,64,1,2.1401,26,0,0,0,0,0,0,0,1
12,0,0,0,1,1,1,2,4,0,1.4469,20,0,0,0,0,0,1,0,1
16,0,0,0,0,1,0,14,196,0,1.7579,36,0,0,1,0,0,0,0,1
13,0,0,0,0,1,0,14,196,0,2.4204,33,0,0,0,0,0,0,0,1
18,0,0,0,1,1,1,18,324,1,2.4849,42,0,0,0,0,0,0,1,1
12,0,0,0,1,1,1,28,784,0,2.4204,46,0,0,0,0,0,0,1,1
16,0,0,0,0,1,0,10,100,1,2.0149,32,0,0,0,0,0,0,1,1
14,1,1,0,0,0,0,17,289,0,2.1041,37,0,0,0,0,0,0,0,1
12,1,0,0,1,1,1,14,196,0,1.579,32,0,0,0,0,1,0,0,1
12,1,0,0,1,1,1,2,4,0,1.5581,20,0,0,0,0,1,0,0,1
16,1,0,0,0,1,0,29,841,0,1.7047,51,0,0,0,0,0,0,1,1
11,1,0,0,0,1,0,29,841,0,2.2513,46,0,1,0,0,0,0,0,1
12,1,0,0,1,1,1,14,196,0,2.2618,32,0,0,0,0,1,0,0,1
13,0,0,0,1,1,1,33,1089,0,1.5151,52,0,0,0,1,0,0,0,1
16,0,0,0,0,1,0,4,16,0,2.7558,26,1,0,0,0,0,0,1,1
15,0,0,0,0,1,0,13,169,0,2.2885,34,0,0,0,0,0,0,1,1
14,0,0,0,1,0,0,24,576,0,2.3026,44,0,0,0,0,1,0,0,1
13,0,0,0,0,0,0,5,25,0,1.7579,24,0,0,0,1,0,0,0,1
14,1,0,0,0,0,0,1,1,0,2.0186,21,0,0,0,0,1,0,0,1
11,1,0,0,0,1,0,37,1369,1,2.2773,54,1,0,0,0,0,0,0,1
11,1,0,0,0,1,0,18,324,1,2.5649,35,0,0,0,0,0,1,0,1
15,1,0,0,1,1,1,10,100,0,2.3302,31,0,0,0,0,0,0,1,1
12,1,0,0,0,1,0,16,256,1,2.599,34,0,0,0,0,0,0,0,1
12,0,0,0,0,1,0,12,144,1,2.5313,30,0,0,0,0,0,0,0,1
14,0,0,0,1,0,0,4,16,0,2.1552,24,0,0,0,0,0,0,1,1
12,0,0,0,0,1,0,16,256,1,2.5848,34,0,0,0,0,0,0,0,1
14,0,1,0,0,1,0,34,1156,1,1.9242,54,0,0,0,0,0,1,0,1
13,0,0,0,0,1,0,10,100,1,2.5233,29,0,0,0,0,0,0,0,1
14,0,0,0,0,1,0,17,289,0,1.9661,37,0,0,0,0,0,1,0,1
13,0,0,0,1,1,1,16,256,0,2.5257,35,0,0,0,0,1,0,0,1
10,0,0,0,0,1,0,20,400,0,2.3026,36,0,0,1,0,0,0,0,1
10,0,0,0,0,1,0,12,144,0,2.3026,28,0,1,0,0,0,0,0,1
12,0,0,0,0,1,0,30,900,0,2.1691,48,0,0,0,0,0,0,1,1
16,0,0,0,1,1,1,26,676,0,2.238,48,0,0,1,0,0,0,0,1
13,0,0,0,0,1,0,13,169,0,2.4079,32,0,0,0,0,1,0,0,1
8,0,0,1,1,1,1,21,441,0,1.6292,35,1,0,0,0,0,0,0,1
11,0,1,0,0,0,0,3,9,0,2.0149,20,0,0,0,0,0,1,0,1
8,0,1,0,1,1,1,29,841,0,1.2238,43,0,0,0,0,0,1,0,1
12,0,0,0,1,1,1,3,9,0,1.5041,21,0,0,1,0,0,0,0,1
18,0,1,0,0,1,0,27,729,0,1.8326,51,0,0,0,0,0,0,1,1
12,0,0,0,0,1,0,33,1089,0,3.0229,51,0,0,0,0,0,0,0,1
13,0,0,0,0,0,0,17,289,0,2.1282,36,1,0,0,0,0,0,0,1
12,0,0,0,1,1,1,15,225,0,2.0794,33,0,0,0,0,0,1,0,1
9,0,0,0,0,1,0,38,1444,0,2.1401,53,1,0,0,0,0,0,0,1
12,0,0,0,0,0,0,9,81,0,1.3218,27,0,0,0,0,0,0,0,1
12,0,0,0,0,1,0,10,100,0,2.1972,28,0,0,0,0,0,1,0,1
16,0,0,0,1,0,0,6,36,0,2.4891,28,1,0,0,0,0,0,1,1
12,0,0,0,1,1,1,7,49,0,1.5041,25,0,0,1,0,0,0,0,1
9,0,1,0,0,0,0,16,256,0,1.5686,31,1,0,0,0,0,0,0,1
10,0,0,0,0,1,0,30,900,0,1.8718,46,0,0,0,0,0,0,0,1
12,0,0,0,0,1,0,19,361,0,2.0398,37,0,0,0,0,1,0,0,1
12,0,0,0,1,0,0,15,225,0,2.2336,33,0,0,0,0,1,0,0,1
12,0,1,0,0,1,0,12,144,0,1.6094,30,0,0,0,0,0,0,0,1
12,0,1,0,1,1,1,33,1089,0,1.8083,51,0,0,0,0,0,0,1,1
12,0,1,0,0,0,0,36,1296,0,2.3674,54,0,0,0,0,0,0,0,1
12,0,1,0,1,0,0,25,625,0,1.2528,43,0,0,0,0,1,0,0,1
12,0,1,0,0,1,0,35,1225,1,2.3026,53,0,1,0,0,0,0,0,1
13,0,1,0,0,0,0,8,64,1,2.1972,27,1,0,0,0,0,0,0,1
12,1,1,0,1,1,1,23,529,0,2.0149,41,0,0,0,0,1,0,0,1
18,1,0,0,0,0,0,7,49,0,1.743,31,0,0,0,0,0,0,1,1
17,1,0,0,0,0,0,3,9,0,2.1401,26,0,0,0,0,1,0,0,1
12,1,1,0,0,1,0,8,64,0,1.3863,26,0,0,0,0,1,0,0,1
9,1,1,0,1,1,1,34,1156,1,1.7492,49,0,0,0,0,0,0,1,1
12,0,0,0,0,0,0,2,4,0,1.6582,20,0,0,0,0,0,0,0,1
12,0,0,0,0,1,0,34,1156,0,1.2528,52,0,0,0,1,0,0,0,1
11,0,0,0,0,0,0,2,4,0,1.5041,19,0,0,0,0,0,1,0,1
12,0,0,0,1,0,0,11,121,0,1.7047,29,1,0,0,0,0,0,0,1
13,0,0,0,1,1,1,4,16,0,1.8326,23,1,0,0,1,0,0,0,1
16,0,0,0,1,1,1,22,484,1,2.1848,44,0,0,0,0,0,0,1,1
12,0,0,0,1,1,1,45,2025,0,1.6582,63,0,0,0,0,1,0,0,1
14,0,0,0,1,1,1,26,676,0,2.3273,46,0,0,1,0,0,0,0,1
14,0,0,0,1,1,1,12,144,0,1.8326,32,0,0,0,0,0,0,1,1
12,0,0,0,1,1,1,3,9,0,1.4702,21,0,0,0,0,0,0,1,1
13,0,0,0,0,0,0,36,1296,0,2.8824,55,0,0,1,0,0,0,0,1
12,0,0,0,1,1,1,9,81,1,2.0149,27,1,0,0,0,0,1,0,1
16,0,0,0,1,1,1,7,49,0,1.8326,29,0,0,0,0,0,0,1,1
14,0,0,0,0,1,0,14,196,0,1.5041,34,0,0,0,1,0,0,0,1
12,0,0,0,1,0,0,6,36,0,1.8563,24,0,0,0,0,1,0,0,1
15,0,0,0,0,1,0,1,1,1,1.5766,22,0,0,1,0,0,0,0,1
11,0,0,0,0,1,0,4,16,0,1.4231,21,0,0,0,0,0,1,0,1
12,0,0,0,1,1,1,5,25,0,1.6351,23,0,0,0,1,0,0,0,1
8,0,0,0,1,1,1,38,1444,0,1.6601,52,0,0,0,0,0,1,0,1
16,0,0,0,1,1,1,6,36,0,2.0513,28,0,0,0,0,0,0,1,1
13,0,0,0,0,0,0,9,81,1,2.5703,28,0,0,0,0,0,0,0,1
13,0,0,0,1,1,1,15,225,0,2.0794,34,0,0,0,0,0,1,0,1
15,0,0,0,1,1,1,11,121,0,2.0369,32,0,0,0,0,0,0,1,1
12,0,0,0,0,0,0,17,289,0,2.0149,35,0,0,1,0,0,0,0,1
12,0,0,0,0,0,0,1,1,0,1.0473,19,0,0,0,0,0,0,0,1
12,0,0,0,0,1,0,9,81,0,1.8506,27,1,0,0,0,0,0,0,1
9,0,0,0,0,0,0,48,2304,0,1.2528,63,0,0,0,0,0,1,0,1
12,0,0,0,0,1,0,17,289,1,2.4292,35,0,0,0,0,0,0,0,1
12,0,0,0,1,1,1,33,1089,0,1.7047,51,0,0,0,0,1,0,0,1
12,0,0,0,0,1,0,7,49,0,2.2138,25,0,0,0,0,0,0,0,1
14,0,0,0,1,1,1,12,144,0,2.0744,32,0,0,0,0,0,1,0,1
16,0,0,0,1,1,1,6,36,0,1.7317,28,0,0,0,1,0,0,0,1
4,0,0,0,0,1,0,54,2916,0,1.7918,64,0,0,0,0,0,1,0,1
16,1,1,0,0,0,0,16,256,0,2.599,38,0,0,0,0,0,0,1,1
11,1,0,0,1,1,1,8,64,0,1.2947,25,0,0,0,0,0,1,0,1
9,1,0,0,0,0,0,30,900,1,1.8326,45,0,0,0,0,0,0,0,1
13,1,0,0,0,0,0,1,1,1,1.639,20,0,0,0,0,0,1,0,1
17,1,0,0,0,1,0,32,1024,0,3.2692,55,0,0,1,0,0,0,0,1
13,1,0,0,0,0,0,0,0,0,0.6981,19,0,0,0,0,0,1,0,1
12,1,0,0,1,0,0,26,676,0,1.6094,44,0,0,0,0,1,0,0,1
11,0,0,0,1,0,0,36,1296,0,2.1691,53,0,0,0,0,0,1,0,1
14,0,0,0,1,1,1,19,361,0,2.5257,39,0,0,0,0,0,1,0,1
12,0,0,0,0,0,0,12,144,0,1.3863,30,0,0,0,0,0,1,0,1
16,0,0,0,0,1,0,21,441,0,1.5041,43,0,0,0,0,0,1,0,1
12,0,0,0,1,0,0,11,121,0,1.8718,29,0,0,0,0,0,0,1,1
12,0,0,0,0,1,0,10,100,0,1.7047,28,0,0,0,0,0,1,0,1
17,0,0,0,1,1,1,15,225,0,1.9279,38,0,0,1,0,0,0,0,1
16,0,0,0,1,0,0,16,256,0,1.8165,38,0,0,0,0,0,0,1,1
12,0,0,0,0,1,0,23,529,0,2.0513,41,1,0,0,0,0,0,0,1
12,0,0,0,0,1,0,24,576,0,0,42,0,0,1,0,0,0,0,1
17,0,0,0,1,1,1,13,169,1,2.5257,36,0,0,0,0,0,0,1,1
14,0,1,0,1,1,1,19,361,1,2.1804,39,0,0,0,0,1,0,0,1
11,0,0,0,1,1,1,20,400,0,1.4702,37,0,0,0,0,0,1,0,1
18,0,0,0,0,0,0,5,25,0,2.4304,29,0,0,0,0,0,0,1,1
8,0,0,1,0,1,0,47,2209,1,2.1894,61,0,0,0,0,0,1,0,1
11,0,0,0,1,1,1,33,1089,0,1.2528,50,0,0,0,1,0,0,0,1
14,0,0,0,0,1,0,21,441,1,3.2581,41,0,0,0,0,0,0,0,1
12,0,0,0,1,1,1,19,361,0,2.0794,37,1,0,0,0,0,0,0,1
14,0,0,0,0,1,0,20,400,1,2.7726,40,0,0,0,0,0,0,0,1
12,0,0,0,1,1,1,13,169,0,1.6771,31,0,0,0,0,0,1,0,1
17,0,1,0,1,1,1,25,625,1,3.1463,48,0,0,0,0,0,0,1,1
12,0,1,0,1,1,1,18,324,0,2.1552,36,0,0,0,0,1,0,0,1
14,0,0,0,1,0,0,13,169,0,2.9178,33,1,0,0,0,0,0,0,1
18,0,0,0,0,1,0,8,64,0,3.1001,32,0,0,0,0,0,0,1,1
12,0,1,0,0,0,0,14,196,1,2.7887,32,0,0,0,0,0,1,0,1
12,0,0,0,0,0,0,9,81,0,2.9689,27,0,0,0,0,0,0,0,1
